timestamp,token,status
C3tD5z9Dnf8FMmmKdapPzFVMu1aJ6LxhEML4ihippump,3vZZpLkK9ucrvZXZNG49VAxiRejFGwZ7XamHzsR46S4BofNxL91gPFvqbzk9fGoN4S2mkxxtv7nWxxncTRBVxLN5,2025-09-16T20:31:49.085Z,pending,0,,,,,
C3tD5z9Dnf8FMmmKdapPzFVMu1aJ6LxhEML4ihippump,3vZZpLkK9ucrvZXZNG49VAxiRejFGwZ7XamHzsR46S4BofNxL91gPFvqbzk9fGoN4S2mkxxtv7nWxxncTRBVxLN5,2025-09-16T20:31:49.085Z,bought,1,5.474753383854941,true,,2025-09-16T20:31:49.086Z,
5vFTXR4HvwaEdxNThf2Eya5xDY2ErMjBfjnnQgPEpump,4sKFCKP51R9tmq2LW58Z9C4ePcpRLvZWA8CvpYQgNGyWyzBQuJnw6Cnx72BC3N7bqf2awXjFe8ftpApAfHyRFS99,2025-09-16T20:31:50.090Z,pending,0,,,,,
5vFTXR4HvwaEdxNThf2Eya5xDY2ErMjBfjnnQgPEpump,4sKFCKP51R9tmq2LW58Z9C4ePcpRLvZWA8CvpYQgNGyWyzBQuJnw6Cnx72BC3N7bqf2awXjFe8ftpApAfHyRFS99,2025-09-16T20:31:50.090Z,bought,1,4.685883464767317,true,,2025-09-16T20:31:50.090Z,
HGU1prQkbmy9WFSz7KwN2TfQET33Z4URyR6G42rRpump,5XZpDafvSdZNy6nm68TZbFGqt6aUVxFKuCnwKGE2j4V7mVimysCSSZKmit7Gia5qmXvBjwCdDxEgErjHu46rbyNd,2025-09-16T20:31:50.135Z,pending,0,,,,,
HGU1prQkbmy9WFSz7KwN2TfQET33Z4URyR6G42rRpump,5XZpDafvSdZNy6nm68TZbFGqt6aUVxFKuCnwKGE2j4V7mVimysCSSZKmit7Gia5qmXvBjwCdDxEgErjHu46rbyNd,2025-09-16T20:31:50.135Z,bought,1,4.052658167604436,true,,2025-09-16T20:31:50.135Z,
9MDAeoagdNXpnSu5V44nvH3jMrGXNwRGkdoqBVHLpump,2VRB6wGnk1sjccCXx8kwQt5uutBRzGpzmTahkrCkwmsh3bqvtJMWJCavzkB66j8fqRbSKdAphhBFDYCAyiQ8BraJ,2025-09-16T20:31:50.201Z,pending,0,,,,,
9MDAeoagdNXpnSu5V44nvH3jMrGXNwRGkdoqBVHLpump,2VRB6wGnk1sjccCXx8kwQt5uutBRzGpzmTahkrCkwmsh3bqvtJMWJCavzkB66j8fqRbSKdAphhBFDYCAyiQ8BraJ,2025-09-16T20:31:50.201Z,rejected,1,1.0438295395755226,,,2025-09-16T20:31:50.201Z,Low liquidity: 1.04 ETH
CXaXfYATHjYTMREKWPGn5R3bDD2ZEP6o8iiox2yQpump,2SVVKLZFoCx81c36FKv2xUGHk8xq4bbNTd9xkoB9NarxnSEwESjoHuxpVT3ZWfopKRJTqzak8CZnENYH1Ehtiekx,2025-09-16T20:31:50.278Z,pending,0,,,,,
CXaXfYATHjYTMREKWPGn5R3bDD2ZEP6o8iiox2yQpump,2SVVKLZFoCx81c36FKv2xUGHk8xq4bbNTd9xkoB9NarxnSEwESjoHuxpVT3ZWfopKRJTqzak8CZnENYH1Ehtiekx,2025-09-16T20:31:50.278Z,rejected,1,1.9051735415410862,,,2025-09-16T20:31:50.278Z,Low liquidity: 1.91 ETH
8xRQDbMff27ebdDNrX74BYPGQDkNd3xnNdAULXRCpump,2ws8x8FrnwDwyg5xzCsxCSGiBaPEusGZB8J13CwQk2x8GpwhGJSBh39zUgucyo7nehVcyoiAGXPNX1i1JZF9GfCX,2025-09-16T20:31:50.305Z,pending,0,,,,,
8xRQDbMff27ebdDNrX74BYPGQDkNd3xnNdAULXRCpump,2ws8x8FrnwDwyg5xzCsxCSGiBaPEusGZB8J13CwQk2x8GpwhGJSBh39zUgucyo7nehVcyoiAGXPNX1i1JZF9GfCX,2025-09-16T20:31:50.305Z,pending,1,,,,2025-09-16T20:31:50.305Z,Stage 1 error: Liquidity data not yet available
DECtQjyp5dFzbMq8pHgmZ3WjM8vAh61YB6XtFCTtpump,jManVdcSDDR5ryKL2nXtrjD9gD5ALTYhoWtPKD3XP4NdpgRxpPN7MV8R95mGxGKbnBMTpXPYTRuUU2BA6ARV84P,2025-09-16T20:31:50.796Z,pending,0,,,,,
DECtQjyp5dFzbMq8pHgmZ3WjM8vAh61YB6XtFCTtpump,jManVdcSDDR5ryKL2nXtrjD9gD5ALTYhoWtPKD3XP4NdpgRxpPN7MV8R95mGxGKbnBMTpXPYTRuUU2BA6ARV84P,2025-09-16T20:31:50.796Z,rejected,1,2.1055969493293554,,,2025-09-16T20:31:50.796Z,Low liquidity: 2.11 ETH
8VED3oPFfxhav6S1b6AhuNZgpa8Shn6WYM1FrRAEpump,5vMUdVNRkFAr9tChzcUUQskwfkLQ35zXebfneJ8Ubiu4XApnemUHhntLUDbE1dsyd4urUAAu6s1o5w1PnnwD1fif,2025-09-16T20:31:50.824Z,pending,0,,,,,
8VED3oPFfxhav6S1b6AhuNZgpa8Shn6WYM1FrRAEpump,5vMUdVNRkFAr9tChzcUUQskwfkLQ35zXebfneJ8Ubiu4XApnemUHhntLUDbE1dsyd4urUAAu6s1o5w1PnnwD1fif,2025-09-16T20:31:50.824Z,rejected,1,5.418839243819936,,,2025-09-16T20:31:50.825Z,Mint/Freeze authorities not renounced
FGRjBPxx8RmZNvv8W2wEfBJ9M4NHKat6fCxSWaTCpump,QVtthxUfLXxPbcZDK1PQTKtcyVW4vm8WoYYnBnztig2Aw23jssD93znPa67pZAYqwGGJCWcLTzFAWGYsu3tjvoe,2025-09-16T20:31:51.142Z,pending,0,,,,,
FGRjBPxx8RmZNvv8W2wEfBJ9M4NHKat6fCxSWaTCpump,QVtthxUfLXxPbcZDK1PQTKtcyVW4vm8WoYYnBnztig2Aw23jssD93znPa67pZAYqwGGJCWcLTzFAWGYsu3tjvoe,2025-09-16T20:31:51.142Z,bought,1,8.099523919879221,true,,2025-09-16T20:31:51.142Z,
BpYh3ZKMfPC9Zp9zSQqwWHF54tS8uNhu6MUNPXbupump,5gFYiz4F5jBtab6jYNLKggmddg3dKSBbCwatpoWVuxTZaB78GkGTQ5G593UgAUUULLgHm99orVUfZzfrtSVuCKro,2025-09-16T20:31:51.195Z,pending,0,,,,,
BpYh3ZKMfPC9Zp9zSQqwWHF54tS8uNhu6MUNPXbupump,5gFYiz4F5jBtab6jYNLKggmddg3dKSBbCwatpoWVuxTZaB78GkGTQ5G593UgAUUULLgHm99orVUfZzfrtSVuCKro,2025-09-16T20:31:51.195Z,rejected,1,5.1942340522656805,,,2025-09-16T20:31:51.196Z,Mint/Freeze authorities not renounced
3d1qHSAkQhoN7kN1C6tvpAArCkXWxwYdBng6taXCDM6u,5uSevqfNtYUXR4KzmmZJiGF7Fzj63hhx1WnnHtLyz8Jh11gQDgHsweK9HHzbk7WqTzKeQs3aRsnLYw1EUUg1sovW,2025-09-16T20:31:51.271Z,pending,0,,,,,
3d1qHSAkQhoN7kN1C6tvpAArCkXWxwYdBng6taXCDM6u,5uSevqfNtYUXR4KzmmZJiGF7Fzj63hhx1WnnHtLyz8Jh11gQDgHsweK9HHzbk7WqTzKeQs3aRsnLYw1EUUg1sovW,2025-09-16T20:31:51.271Z,rejected,1,6.482537173537489,,,2025-09-16T20:31:51.271Z,Mint/Freeze authorities not renounced
3KYCqSuoGD439bHmBKW3zcMUPdqHMdBWZ4oauyW1pump,VcpvC5Qrt7rQ3mksTpzBBR8vBTYcLLNL6zicVh54gqZAp2gM8a6KqMLfu5Ug4yFmY5cDKrpnkYWVc69GW61Sn4w,2025-09-16T20:31:51.344Z,pending,0,,,,,
3KYCqSuoGD439bHmBKW3zcMUPdqHMdBWZ4oauyW1pump,VcpvC5Qrt7rQ3mksTpzBBR8vBTYcLLNL6zicVh54gqZAp2gM8a6KqMLfu5Ug4yFmY5cDKrpnkYWVc69GW61Sn4w,2025-09-16T20:31:51.344Z,bought,1,4.3031926023706335,true,,2025-09-16T20:31:51.344Z,
EPjFWdd5AufqSSqeM2qN1xzybapC8G4wEGGkZwyTDt1v,3k26o5Rcb6BjWwQ8HwURpTEARqD9zuvjzxcnQPJq94kKkfZgZc6eYLu7Uet3J6abiRwnbWoUnzpYxQCzX4HQz1JW,2025-09-16T20:31:51.423Z,pending,0,,,,,
EPjFWdd5AufqSSqeM2qN1xzybapC8G4wEGGkZwyTDt1v,3k26o5Rcb6BjWwQ8HwURpTEARqD9zuvjzxcnQPJq94kKkfZgZc6eYLu7Uet3J6abiRwnbWoUnzpYxQCzX4HQz1JW,2025-09-16T20:31:51.423Z,rejected,1,4.822654905524037,,,2025-09-16T20:31:51.423Z,Mint/Freeze authorities not renounced
4NGbC4RRrUjS78ooSN53Up7gSg4dGrj6F6dxpMWHbonk,4wqWdm4VbQ3c66dVDAvFyvBVXV9oUdVyQEhVGAqeHF9FrNMQ42MUPSYhSAwQeEBmyNUB4aCCDjL9QgjRJpvwokgz,2025-09-16T20:31:51.489Z,pending,0,,,,,
4NGbC4RRrUjS78ooSN53Up7gSg4dGrj6F6dxpMWHbonk,4wqWdm4VbQ3c66dVDAvFyvBVXV9oUdVyQEhVGAqeHF9FrNMQ42MUPSYhSAwQeEBmyNUB4aCCDjL9QgjRJpvwokgz,2025-09-16T20:31:51.489Z,rejected,1,7.948043459494754,,,2025-09-16T20:31:51.489Z,Mint/Freeze authorities not renounced
CeWM7oApGW9iYBrEhsL343PxNCZo8hXRMXztiRZRPVy1,2UgmuqD7e9awZ2Nksj5Zt3uKvQxiWWgbr3iKa1pa54CopqdcBW2S9UipFs8DGb2KzSoNW2rupfUaSbHykqwVqwJV,2025-09-16T20:31:52.233Z,pending,0,,,,,
CeWM7oApGW9iYBrEhsL343PxNCZo8hXRMXztiRZRPVy1,2UgmuqD7e9awZ2Nksj5Zt3uKvQxiWWgbr3iKa1pa54CopqdcBW2S9UipFs8DGb2KzSoNW2rupfUaSbHykqwVqwJV,2025-09-16T20:31:52.233Z,rejected,1,4.651622873604122,,,2025-09-16T20:31:52.233Z,Mint/Freeze authorities not renounced
ApXz2kAaQKe9QCXDWevYxGXF3xQBd1B2kHkPyvxDakok,65p2wk9vEazq3Qzmgi61qRYQCwCfDexaSTrWaq3UhFM6WjsGMi5QWyWzdZDgC1UvdbMkJoq5F2We3fA2rJGHhJwB,2025-09-16T20:31:52.433Z,pending,0,,,,,
ApXz2kAaQKe9QCXDWevYxGXF3xQBd1B2kHkPyvxDakok,65p2wk9vEazq3Qzmgi61qRYQCwCfDexaSTrWaq3UhFM6WjsGMi5QWyWzdZDgC1UvdbMkJoq5F2We3fA2rJGHhJwB,2025-09-16T20:31:52.433Z,rejected,1,8.449557943552833,,,2025-09-16T20:31:52.433Z,Mint/Freeze authorities not renounced
6CYnaKJUTyXr5Q2JHGiso4ro2HNe9EQYfbzdwFpBpump,4UkFnaz8bb9HW3no2cpnndcEn3ALC6HjB2zy8ufG9Vbc3k5jDQmXm2CCkmTBPgVd4ddzK8Amg3WRfN73b9HxYVbN,2025-09-16T20:31:52.456Z,pending,0,,,,,
6CYnaKJUTyXr5Q2JHGiso4ro2HNe9EQYfbzdwFpBpump,4UkFnaz8bb9HW3no2cpnndcEn3ALC6HjB2zy8ufG9Vbc3k5jDQmXm2CCkmTBPgVd4ddzK8Amg3WRfN73b9HxYVbN,2025-09-16T20:31:52.456Z,rejected,1,8.386887583499753,,,2025-09-16T20:31:52.456Z,Mint/Freeze authorities not renounced
CcmQbxuBEovsJJnGuR31jtsnEkwMNC3ymbqob4DJpump,33JBwsXK2UP5iMXL8GNuLbKGNjhe22WMMXEzGtXBuAzzRN7hdVDrz4VCY8pYAAxWz6qgo3yEZobyEEE31Rv7GkEy,2025-09-16T20:31:52.491Z,pending,0,,,,,
CcmQbxuBEovsJJnGuR31jtsnEkwMNC3ymbqob4DJpump,33JBwsXK2UP5iMXL8GNuLbKGNjhe22WMMXEzGtXBuAzzRN7hdVDrz4VCY8pYAAxWz6qgo3yEZobyEEE31Rv7GkEy,2025-09-16T20:31:52.491Z,bought,1,7.763697181444005,true,,2025-09-16T20:31:52.492Z,
8nLPbicEycbeVTXzJsMrDCBQ8FT1QJhjPJgpxwnApump,5ZiFFnU9jSE1JGf9564fYrDrnXtYD7sfRsgfRiJbW21sD2inQxtWViUu3WsTzFAw7HkURKo88vbYkTwyUEJ6hZMN,2025-09-16T20:31:52.555Z,pending,0,,,,,
8nLPbicEycbeVTXzJsMrDCBQ8FT1QJhjPJgpxwnApump,5ZiFFnU9jSE1JGf9564fYrDrnXtYD7sfRsgfRiJbW21sD2inQxtWViUu3WsTzFAw7HkURKo88vbYkTwyUEJ6hZMN,2025-09-16T20:31:52.555Z,rejected,1,1.0550970019456205,,,2025-09-16T20:31:52.555Z,Low liquidity: 1.06 ETH
H4Vjx4bU3M6eLv3kLzYuJue7Vyr3pVB3J9zuMa6Wpump,3srxFwmFjN15iMDh6Cs8SFdyxNaSMtiazBwnqLcNZue6P9oRZg1bjt4okUkmYEHjdY7oBmLtr34bnoUpjCSdr8yS,2025-09-16T20:32:00.941Z,pending,0,,,,,
H4Vjx4bU3M6eLv3kLzYuJue7Vyr3pVB3J9zuMa6Wpump,3srxFwmFjN15iMDh6Cs8SFdyxNaSMtiazBwnqLcNZue6P9oRZg1bjt4okUkmYEHjdY7oBmLtr34bnoUpjCSdr8yS,2025-09-16T20:32:00.941Z,rejected,1,0.819843684360395,,,2025-09-16T20:32:00.942Z,Low liquidity: 0.82 ETH
6jGijkwpsdC86bMVchS1owLotDa2ftso4ZNfLF644roK,66u3uh1iCt2KS3nRzoeSyF1MNTN9CrmUT7vh9UCfLrGet6z9CTv5YfXbMh4z2GUYz2Xr1tDvFfE2VcXb7aqGQzUS,2025-09-16T20:32:00.989Z,pending,0,,,,,
6jGijkwpsdC86bMVchS1owLotDa2ftso4ZNfLF644roK,66u3uh1iCt2KS3nRzoeSyF1MNTN9CrmUT7vh9UCfLrGet6z9CTv5YfXbMh4z2GUYz2Xr1tDvFfE2VcXb7aqGQzUS,2025-09-16T20:32:00.989Z,rejected,1,8.557307850070732,,,2025-09-16T20:32:00.989Z,Mint/Freeze authorities not renounced
5frcbGLbJUn2J6ckJDNHULtSWE39SmsC7YmJ3XHqpump,LDnqNCpfynPcMZnZKn5Czo7NZ3nBgwzXMdPLs8hnFuTN7mkNTrLtY1zwmLthgz6AVYchuoQC38ZpQdsdpeqH4re,2025-09-16T20:32:01.054Z,pending,0,,,,,
5frcbGLbJUn2J6ckJDNHULtSWE39SmsC7YmJ3XHqpump,LDnqNCpfynPcMZnZKn5Czo7NZ3nBgwzXMdPLs8hnFuTN7mkNTrLtY1zwmLthgz6AVYchuoQC38ZpQdsdpeqH4re,2025-09-16T20:32:01.054Z,rejected,1,1.6613002996027355,,,2025-09-16T20:32:01.055Z,Low liquidity: 1.66 ETH
8dSKUgWxc43fzh5ovvChjWqEAoNeo5UtQrh5U6bPpump,3kvY4D5ENCMoGBzwu8phfTmW8nok8taJjv64H4Vdw5pVFKAfSauGSDrQbfDzkxzuhnajCaJAuYhGCAfZDWCXDaxN,2025-09-16T20:32:01.121Z,pending,0,,,,,
8dSKUgWxc43fzh5ovvChjWqEAoNeo5UtQrh5U6bPpump,3kvY4D5ENCMoGBzwu8phfTmW8nok8taJjv64H4Vdw5pVFKAfSauGSDrQbfDzkxzuhnajCaJAuYhGCAfZDWCXDaxN,2025-09-16T20:32:01.121Z,rejected,1,4.684872484895556,,,2025-09-16T20:32:01.121Z,Mint/Freeze authorities not renounced
7RVvrkQmj6ewtVdcTZW6RdqZKqMi4JhcUMypqqNApump,64o2crypojXpLw3AeQ1LTTWYj8FRuKFwwJvaoDHWzwrhPAGSuWetAXAEbk7fZyQeRftfYMcyyuQmr7Cb4LhjiQ7n,2025-09-16T20:32:01.198Z,pending,0,,,,,
7RVvrkQmj6ewtVdcTZW6RdqZKqMi4JhcUMypqqNApump,64o2crypojXpLw3AeQ1LTTWYj8FRuKFwwJvaoDHWzwrhPAGSuWetAXAEbk7fZyQeRftfYMcyyuQmr7Cb4LhjiQ7n,2025-09-16T20:32:01.198Z,rejected,1,7.9969138791690275,,,2025-09-16T20:32:01.198Z,Mint/Freeze authorities not renounced
3ojqpyexW8Q8UTuKvwYBYGMKsmggN2df2G3SE21Bpump,4rsDm1SqgwJuY7SjHaojZo1pKsaxychCw4Sc4kwdLYzZwM1W6kemxtPwwRfZnnSrgB4TBDUwFVwiE4nkpviGF7b1,2025-09-16T20:32:01.269Z,pending,0,,,,,
3ojqpyexW8Q8UTuKvwYBYGMKsmggN2df2G3SE21Bpump,4rsDm1SqgwJuY7SjHaojZo1pKsaxychCw4Sc4kwdLYzZwM1W6kemxtPwwRfZnnSrgB4TBDUwFVwiE4nkpviGF7b1,2025-09-16T20:32:01.269Z,rejected,1,5.936672086120755,,,2025-09-16T20:32:01.270Z,Mint/Freeze authorities not renounced
EVmbwMhMpA2K6g1vEENU8YsvKjU8Wg6Q4BVQrDoRpump,36kUzZRZqvwZVTq2RqCWrGSktnVhoi4BYsw2fqpvZ6qpfgHoqFh6825csyGsuujRQkyczn3oZvrq2K9NiLYqpBat,2025-09-16T20:32:01.312Z,pending,0,,,,,
EVmbwMhMpA2K6g1vEENU8YsvKjU8Wg6Q4BVQrDoRpump,36kUzZRZqvwZVTq2RqCWrGSktnVhoi4BYsw2fqpvZ6qpfgHoqFh6825csyGsuujRQkyczn3oZvrq2K9NiLYqpBat,2025-09-16T20:32:01.312Z,bought,1,4.736831575973994,true,,2025-09-16T20:32:01.313Z,
D46si5jMbXyeidvK7t6pMGsPnezV38FUzwFN8djApump,2QQDjXQU7N9fA2vC88sZL9v2WQm1K36PvK9DaRzhzaDp75JJw6W6HniauvN5LTZoxhwpYqvs72ytD6iYeb5KsVjZ,2025-09-16T20:32:01.346Z,pending,0,,,,,
D46si5jMbXyeidvK7t6pMGsPnezV38FUzwFN8djApump,2QQDjXQU7N9fA2vC88sZL9v2WQm1K36PvK9DaRzhzaDp75JJw6W6HniauvN5LTZoxhwpYqvs72ytD6iYeb5KsVjZ,2025-09-16T20:32:01.346Z,bought,1,4.198915260317062,true,,2025-09-16T20:32:01.347Z,
GxKDHuSC7mQNY9ghTpKBQVhpSZiveg7zwLLcPQfHM3Tb,k8YDFqvRR9wwYabFE23gDLWy4sfZ5VSFpVLsqkLYaoqWXcHpigRFhpyyF3fF6rzfQZhmtYPgVrFnNunsCDNfWeN,2025-09-16T20:32:01.924Z,pending,0,,,,,
GxKDHuSC7mQNY9ghTpKBQVhpSZiveg7zwLLcPQfHM3Tb,k8YDFqvRR9wwYabFE23gDLWy4sfZ5VSFpVLsqkLYaoqWXcHpigRFhpyyF3fF6rzfQZhmtYPgVrFnNunsCDNfWeN,2025-09-16T20:32:01.924Z,rejected,1,3.632928643752072,,,2025-09-16T20:32:01.925Z,Mint/Freeze authorities not renounced
GZojkRYXXR3Q7dmYeU1My3cHAfu6zfimrW78TmNG9644,5mQCEN6nNAbmytET1XHLJbBQB7kbKpoKtHDErBVNxzD15Bk1M7C8kgeuhtAP4kYKHesb4nUcRvwsDSWSzsDuQ1HD,2025-09-16T20:32:02.034Z,pending,0,,,,,
GZojkRYXXR3Q7dmYeU1My3cHAfu6zfimrW78TmNG9644,5mQCEN6nNAbmytET1XHLJbBQB7kbKpoKtHDErBVNxzD15Bk1M7C8kgeuhtAP4kYKHesb4nUcRvwsDSWSzsDuQ1HD,2025-09-16T20:32:02.034Z,rejected,1,4.007891222337053,,,2025-09-16T20:32:02.034Z,Mint/Freeze authorities not renounced
9icALbbNx25UdNoikW9PRfqrvr9Q12CFN1bRNq3Rpump,4YshX2SLzmGKgyMZJ1bQNCnizvk3U59eiZ32czNZLrowCTpgdi5Uc1jgc8kpPy2ob8kg5KUDubz24voJxasRfksw,2025-09-16T20:32:02.061Z,pending,0,,,,,
9icALbbNx25UdNoikW9PRfqrvr9Q12CFN1bRNq3Rpump,4YshX2SLzmGKgyMZJ1bQNCnizvk3U59eiZ32czNZLrowCTpgdi5Uc1jgc8kpPy2ob8kg5KUDubz24voJxasRfksw,2025-09-16T20:32:02.061Z,bought,1,7.93980869244368,true,,2025-09-16T20:32:02.061Z,
8GM62w5FdLyGrinKck5g8o8X4FvnGsD9KqWVXwJfpump,2vnDTd4zVfFxXEgoatLYtmd46b4nD7zwNwsVnGTV4zUg17pRKwyG8gpnoTCjUZeKncuqReiiyamKd2yuRi251iTz,2025-09-16T20:32:02.093Z,pending,0,,,,,
8GM62w5FdLyGrinKck5g8o8X4FvnGsD9KqWVXwJfpump,2vnDTd4zVfFxXEgoatLYtmd46b4nD7zwNwsVnGTV4zUg17pRKwyG8gpnoTCjUZeKncuqReiiyamKd2yuRi251iTz,2025-09-16T20:32:02.093Z,pending,1,,,,2025-09-16T20:32:02.093Z,Stage 1 error: Liquidity data not yet available
CZ4oHRhDfnQn6JPW7a85RHS6b3zm5DRyyvmdtgxxpump,5SJDL5LNojV9dDg1DjSRsj1aEBW5mBHLPEDseGT8nPfuCroN5xLxHBdHMaq9L8MiQXjdDicHiwiko9VLmpzzjRKJ,2025-09-16T20:32:02.125Z,pending,0,,,,,
CZ4oHRhDfnQn6JPW7a85RHS6b3zm5DRyyvmdtgxxpump,5SJDL5LNojV9dDg1DjSRsj1aEBW5mBHLPEDseGT8nPfuCroN5xLxHBdHMaq9L8MiQXjdDicHiwiko9VLmpzzjRKJ,2025-09-16T20:32:02.125Z,bought,1,4.008793249821935,true,,2025-09-16T20:32:02.125Z,
Cav8bGU6WdaAk48BaZAEoxPHcb8LNi7DKVB1Aiyspump,5cteAoS56FE89qyJjLaPZi9mtgShNjPvmuqLqjCvdddYaG8x8Goio8mmShw3c1QYPByFbhsWxSVuTkF58N4ykXuw,2025-09-16T20:32:02.188Z,pending,0,,,,,
Cav8bGU6WdaAk48BaZAEoxPHcb8LNi7DKVB1Aiyspump,5cteAoS56FE89qyJjLaPZi9mtgShNjPvmuqLqjCvdddYaG8x8Goio8mmShw3c1QYPByFbhsWxSVuTkF58N4ykXuw,2025-09-16T20:32:02.188Z,rejected,1,6.695847358573342,,,2025-09-16T20:32:02.189Z,Mint/Freeze authorities not renounced
5c5EUV1J3iUJPDtXVv4NxXuJGTzw6ky516xfygrrpump,53gB5oQdLFtL4zWiUjxUxhEsuPdJ3HZKfWKyKUavWmr746EtTjXSGnLW22itui2duBFwtUTR9YUGmhZnoWsuTByS,2025-09-16T20:32:03.023Z,pending,0,,,,,
5c5EUV1J3iUJPDtXVv4NxXuJGTzw6ky516xfygrrpump,53gB5oQdLFtL4zWiUjxUxhEsuPdJ3HZKfWKyKUavWmr746EtTjXSGnLW22itui2duBFwtUTR9YUGmhZnoWsuTByS,2025-09-16T20:32:03.023Z,rejected,1,9.947436441556908,,,2025-09-16T20:32:03.023Z,Mint/Freeze authorities not renounced
HyKmcJhnWFAQGUqowBieb2ZVQh7m8hKNrTtL4gLAjvsU,5rwuyUgort5YZC2R6dfzXiTsDrM7pj71E331fh2aqLz5hLeJLGcnxM2QaDpaWNRKL66y9dnkauiFEP42DoowWnr,2025-09-16T20:32:03.082Z,pending,0,,,,,
HyKmcJhnWFAQGUqowBieb2ZVQh7m8hKNrTtL4gLAjvsU,5rwuyUgort5YZC2R6dfzXiTsDrM7pj71E331fh2aqLz5hLeJLGcnxM2QaDpaWNRKL66y9dnkauiFEP42DoowWnr,2025-09-16T20:32:03.082Z,pending,1,,,,2025-09-16T20:32:03.082Z,Stage 1 error: Liquidity data not yet available
7sy66DAsakSyiDW4kVDf1JSGaNa3jP4FzcTyPVE2pump,32CcAGutfWXQLacApYrZ4pN3d3pN3xzyxZcnNDS1FcLN54zedoHf3e1NBPmmNhtGz1NyFdfpc9ERMr9MNrCS2YBK,2025-09-16T20:32:03.121Z,pending,0,,,,,
7sy66DAsakSyiDW4kVDf1JSGaNa3jP4FzcTyPVE2pump,32CcAGutfWXQLacApYrZ4pN3d3pN3xzyxZcnNDS1FcLN54zedoHf3e1NBPmmNhtGz1NyFdfpc9ERMr9MNrCS2YBK,2025-09-16T20:32:03.121Z,rejected,1,9.948948516856566,,,2025-09-16T20:32:03.122Z,Mint/Freeze authorities not renounced
4BhnSkdFtRvgDmEXmPe8i7iDadcWAgzYwGvBJUxENFYz,5NbpGUZ6QcNwvC6VTzBZdXrKLV4tGn284JG1YoFzdj5XBLRLKvKLkYFxTKcxvmKaFymgKhW86Hmc8ZcW3mYmtCBY,2025-09-16T20:32:03.177Z,pending,0,,,,,
4BhnSkdFtRvgDmEXmPe8i7iDadcWAgzYwGvBJUxENFYz,5NbpGUZ6QcNwvC6VTzBZdXrKLV4tGn284JG1YoFzdj5XBLRLKvKLkYFxTKcxvmKaFymgKhW86Hmc8ZcW3mYmtCBY,2025-09-16T20:32:03.177Z,rejected,1,8.314179438592188,,,2025-09-16T20:32:03.177Z,Mint/Freeze authorities not renounced
5sngn1Xy9Z2WWmnr8UHXu9bHXBFXbcbrTBZRk7dZpump,3kUPGPxpoPxQnxdnJZH3UXfnk3LdjrihzAUJyUV6MQW5sL1ci6FcwXu34s5afSQqMEQoq7wNfb3TNNZuhcfzSHkK,2025-09-16T20:32:04.115Z,pending,0,,,,,
5sngn1Xy9Z2WWmnr8UHXu9bHXBFXbcbrTBZRk7dZpump,3kUPGPxpoPxQnxdnJZH3UXfnk3LdjrihzAUJyUV6MQW5sL1ci6FcwXu34s5afSQqMEQoq7wNfb3TNNZuhcfzSHkK,2025-09-16T20:32:04.115Z,pending,1,,,,2025-09-16T20:32:04.116Z,Stage 1 error: Liquidity data not yet available
AQFxvTpthNjqLsjovEabbvMpLwPpCkopQ4UQE8dXpump,2EcpqJmKSdgPcYTcFeUYtFxf8uYizi3P1sht3pzf1FFmPEfkc9mtVu7jNmAuQhNgGXQzPX5noguv8qpskqEcUsE8,2025-09-16T20:32:04.194Z,pending,0,,,,,
AQFxvTpthNjqLsjovEabbvMpLwPpCkopQ4UQE8dXpump,2EcpqJmKSdgPcYTcFeUYtFxf8uYizi3P1sht3pzf1FFmPEfkc9mtVu7jNmAuQhNgGXQzPX5noguv8qpskqEcUsE8,2025-09-16T20:32:04.194Z,bought,1,6.4877720489706805,true,,2025-09-16T20:32:04.195Z,
3tqniMedwy4e6tR21N1E3naHQc8NsbFwLzFLVGf6pump,4W3Ui25NAKxF77mkoSrcCVJ2UaqRmZUq8wkg4w3fAhqkAYWRMJqY2nfgrXyiRihqpGPQDNMamLgUZthrqGcbZFwE,2025-09-16T20:32:04.265Z,pending,0,,,,,
3tqniMedwy4e6tR21N1E3naHQc8NsbFwLzFLVGf6pump,4W3Ui25NAKxF77mkoSrcCVJ2UaqRmZUq8wkg4w3fAhqkAYWRMJqY2nfgrXyiRihqpGPQDNMamLgUZthrqGcbZFwE,2025-09-16T20:32:04.265Z,bought,1,4.705936926990775,true,,2025-09-16T20:32:04.265Z,
BLyUrLuSvuYzHMJeaN1TEWifeT6Fv48ZrfXtuuhJpump,3CfZZiVXBA9sokPfzaDUkVHLwVzAKLJNRUD3QsTXLjbiSx9HCRidYFTrXYd2Ybvg6CwpPDRb6P8iEbYmQkCU9QD5,2025-09-16T20:32:05.258Z,pending,0,,,,,
BLyUrLuSvuYzHMJeaN1TEWifeT6Fv48ZrfXtuuhJpump,3CfZZiVXBA9sokPfzaDUkVHLwVzAKLJNRUD3QsTXLjbiSx9HCRidYFTrXYd2Ybvg6CwpPDRb6P8iEbYmQkCU9QD5,2025-09-16T20:32:05.258Z,bought,1,9.442097672383824,true,,2025-09-16T20:32:05.258Z,
4mmyuxPpZ4XymYcRgfQADPt8A58ccmF5PNeoBvGPpump,5tcUKJTQiWpXU9TCJDEQ5mhGn3xRPkNC2afqPNevVTK493yr8dyuwddp9i6yTWVhQhtGG52d2rVTZaqi1PoDXTaw,2025-09-16T20:32:05.316Z,pending,0,,,,,
4mmyuxPpZ4XymYcRgfQADPt8A58ccmF5PNeoBvGPpump,5tcUKJTQiWpXU9TCJDEQ5mhGn3xRPkNC2afqPNevVTK493yr8dyuwddp9i6yTWVhQhtGG52d2rVTZaqi1PoDXTaw,2025-09-16T20:32:05.316Z,rejected,1,0.7007491960212224,,,2025-09-16T20:32:05.316Z,Low liquidity: 0.70 ETH
7BVQhSecBmsjrqXEy1ybL7ioPmcc84EoLwT2rFwpump,MMdGCbDNBUBBvh1Y1GEsiY4EFK58cBtcP7TC5bJsjhtGX6ngsQxcP8ygUzThqHSUo3wwCJxd1mN2ui6JFbEmmNd,2025-09-16T20:32:06.426Z,pending,0,,,,,
7BVQhSecBmsjrqXEy1ybL7ioPmcc84EoLwT2rFwpump,MMdGCbDNBUBBvh1Y1GEsiY4EFK58cBtcP7TC5bJsjhtGX6ngsQxcP8ygUzThqHSUo3wwCJxd1mN2ui6JFbEmmNd,2025-09-16T20:32:06.426Z,pending,1,,,,2025-09-16T20:32:06.426Z,Stage 1 error: Liquidity data not yet available
7PzU4m13VqkdgWcserfBdxX4cAPQXaZuFNuKarnT1deV,4Q9ZNmtmoz3b3w7rtwV6WZQepNqDQKyqD1c31tjTDKo6MjuZ7MJRfSXYLM7JjZ2KtoLNJ2rfTpcmxnkcibXvEU62,2025-09-16T20:32:06.476Z,pending,0,,,,,
7PzU4m13VqkdgWcserfBdxX4cAPQXaZuFNuKarnT1deV,4Q9ZNmtmoz3b3w7rtwV6WZQepNqDQKyqD1c31tjTDKo6MjuZ7MJRfSXYLM7JjZ2KtoLNJ2rfTpcmxnkcibXvEU62,2025-09-16T20:32:06.476Z,rejected,1,6.135656929796434,,,2025-09-16T20:32:06.477Z,Mint/Freeze authorities not renounced
8xRQDbMff27ebdDNrX74BYPGQDkNd3xnNdAULXRCpump,2ws8x8FrnwDwyg5xzCsxCSGiBaPEusGZB8J13CwQk2x8GpwhGJSBh39zUgucyo7nehVcyoiAGXPNX1i1JZF9GfCX,2025-09-16T20:31:50.305Z,rejected,2,7.3142755881327535,,,2025-09-16T20:32:46.452Z,Stage 1 error: Liquidity data not yet available;Mint/Freeze authorities not renounced
8GM62w5FdLyGrinKck5g8o8X4FvnGsD9KqWVXwJfpump,2vnDTd4zVfFxXEgoatLYtmd46b4nD7zwNwsVnGTV4zUg17pRKwyG8gpnoTCjUZeKncuqReiiyamKd2yuRi251iTz,2025-09-16T20:32:02.093Z,rejected,2,9.5668287024253,,,2025-09-16T20:32:47.454Z,Stage 1 error: Liquidity data not yet available;Mint/Freeze authorities not renounced
HyKmcJhnWFAQGUqowBieb2ZVQh7m8hKNrTtL4gLAjvsU,5rwuyUgort5YZC2R6dfzXiTsDrM7pj71E331fh2aqLz5hLeJLGcnxM2QaDpaWNRKL66y9dnkauiFEP42DoowWnr,2025-09-16T20:32:03.082Z,bought,2,9.967442833912214,true,,2025-09-16T20:32:48.457Z,Stage 1 error: Liquidity data not yet available
5sngn1Xy9Z2WWmnr8UHXu9bHXBFXbcbrTBZRk7dZpump,3kUPGPxpoPxQnxdnJZH3UXfnk3LdjrihzAUJyUV6MQW5sL1ci6FcwXu34s5afSQqMEQoq7wNfb3TNNZuhcfzSHkK,2025-09-16T20:32:04.115Z,rejected,2,2.003387751258041,,,2025-09-16T20:32:49.460Z,Stage 1 error: Liquidity data not yet available;Low liquidity: 2.00 ETH
7BVQhSecBmsjrqXEy1ybL7ioPmcc84EoLwT2rFwpump,MMdGCbDNBUBBvh1Y1GEsiY4EFK58cBtcP7TC5bJsjhtGX6ngsQxcP8ygUzThqHSUo3wwCJxd1mN2ui6JFbEmmNd,2025-09-16T20:32:06.426Z,rejected,2,4.819962319082252,,,2025-09-16T20:32:50.462Z,Stage 1 error: Liquidity data not yet available;Mint/Freeze authorities not renounced
FgvTkV6g12E1Zrcv9HtxYJErrbpeojqwJL3EH6oopump,NBznfCfqCB658c9NK6yzhhwkvF5L8cPxesTdDM4yAENiNQ1LADdSF1yGzGhm9tXsKwDPnRtQDjdERjpN81dGBkD,2025-09-16T20:33:00.030Z,pending,0,,,,,
FgvTkV6g12E1Zrcv9HtxYJErrbpeojqwJL3EH6oopump,NBznfCfqCB658c9NK6yzhhwkvF5L8cPxesTdDM4yAENiNQ1LADdSF1yGzGhm9tXsKwDPnRtQDjdERjpN81dGBkD,2025-09-16T20:33:00.030Z,pending,1,,,,2025-09-16T20:33:00.030Z,Stage 1 error: Liquidity data not yet available
7TRoRD8UwN9LayNorkjmQVaSUDcZe2QGM2rPEXPqScBM,5rqGfW42JooZ8Lq5EqtDzTwvaDd2vWc3NYT9jWryFsRvfwGemaMC3yKEUu7X8tv1dEfr3sg2Y7uTgfMvPmV9Lmbj,2025-09-16T20:33:00.056Z,pending,0,,,,,
7TRoRD8UwN9LayNorkjmQVaSUDcZe2QGM2rPEXPqScBM,5rqGfW42JooZ8Lq5EqtDzTwvaDd2vWc3NYT9jWryFsRvfwGemaMC3yKEUu7X8tv1dEfr3sg2Y7uTgfMvPmV9Lmbj,2025-09-16T20:33:00.056Z,rejected,1,9.668404581549698,,,2025-09-16T20:33:00.056Z,Mint/Freeze authorities not renounced
8Vi9iztWBYBz9gd4fDJLZ4tXeT6iVZh1yRFw6mDGpump,jUcovmLEovsSWNZbNBVeEVukD6svgxuUdy2S6AiyjKeKoBKBBFLZ9rByPKM9vmHAWpweS5BDXH9ft5UshrfPSPN,2025-09-16T20:33:00.088Z,pending,0,,,,,
8Vi9iztWBYBz9gd4fDJLZ4tXeT6iVZh1yRFw6mDGpump,jUcovmLEovsSWNZbNBVeEVukD6svgxuUdy2S6AiyjKeKoBKBBFLZ9rByPKM9vmHAWpweS5BDXH9ft5UshrfPSPN,2025-09-16T20:33:00.088Z,rejected,1,2.2479667103200254,,,2025-09-16T20:33:00.089Z,Low liquidity: 2.25 ETH
4Cb8cJsoQnYXcafWPZ6mj4bhp3E6oawyHhJi6gSFQSzv,2FNVkecS93a3HRLRwHi1YEQc6yc1MQCb9tkc43oDXEMHjcUG7VbyUu26G3useXB6SskyHDcitiU6Yc1vXBjH2KaX,2025-09-16T20:33:00.270Z,pending,0,,,,,
4Cb8cJsoQnYXcafWPZ6mj4bhp3E6oawyHhJi6gSFQSzv,2FNVkecS93a3HRLRwHi1YEQc6yc1MQCb9tkc43oDXEMHjcUG7VbyUu26G3useXB6SskyHDcitiU6Yc1vXBjH2KaX,2025-09-16T20:33:00.270Z,rejected,1,7.802836755395104,,,2025-09-16T20:33:00.270Z,Mint/Freeze authorities not renounced
7QfY8cET7ZSNs9rPUneGyRpFfk3NPTt18uFNyavpump,9PSjrYK33VGGM318PehCBAeFswMAGCBt7ZShg23DgGxgUSwUWaRfiLRRmkbNJ9HJGkBfHHtUeYndQGYhaTcWbqm,2025-09-16T20:33:00.352Z,pending,0,,,,,
7QfY8cET7ZSNs9rPUneGyRpFfk3NPTt18uFNyavpump,9PSjrYK33VGGM318PehCBAeFswMAGCBt7ZShg23DgGxgUSwUWaRfiLRRmkbNJ9HJGkBfHHtUeYndQGYhaTcWbqm,2025-09-16T20:33:00.352Z,rejected,1,1.900424916840922,,,2025-09-16T20:33:00.353Z,Low liquidity: 1.90 ETH
7GTrmj6grnydUT7iy9P29Y2cdetfhpQBcTd27P5qpump,3nE8bDBAEHneDjN8C3prRMtstxPUfxanDpUMdXK9opMKdBGHK5aXf2JHDd325Bt5SKwWRiSN3WYYj9qEsUTsi9ni,2025-09-16T20:33:00.492Z,pending,0,,,,,
7GTrmj6grnydUT7iy9P29Y2cdetfhpQBcTd27P5qpump,3nE8bDBAEHneDjN8C3prRMtstxPUfxanDpUMdXK9opMKdBGHK5aXf2JHDd325Bt5SKwWRiSN3WYYj9qEsUTsi9ni,2025-09-16T20:33:00.492Z,rejected,1,3.218501631086199,,,2025-09-16T20:33:00.492Z,Mint/Freeze authorities not renounced
3gg1AcYSnG9oMBA6KWvYBCsKnxAstYXZcYJo2Tdhf8ye,2bkJuhauaEpHKBdDUeKThEzVfYj2Vxi54sxRJTafrGbFg7532ArddrgmErgRVu7XYwcSu1Sroh947Y3uWhWWPWgw,2025-09-16T20:33:00.640Z,pending,0,,,,,
3gg1AcYSnG9oMBA6KWvYBCsKnxAstYXZcYJo2Tdhf8ye,2bkJuhauaEpHKBdDUeKThEzVfYj2Vxi54sxRJTafrGbFg7532ArddrgmErgRVu7XYwcSu1Sroh947Y3uWhWWPWgw,2025-09-16T20:33:00.640Z,rejected,1,4.577505072877546,,,2025-09-16T20:33:00.640Z,Mint/Freeze authorities not renounced
E9o6RB8Eo7XhoEeeyiAd88cYk4nJZgF93iNE99Srpump,5PiEUDDxu4X44SMAb7FALHgDm9pLfs2EotbvWcwZyr3E6dDcp1LFMeoavVNdLtv6Xi4427fXW2wxybGYwmjP2hMR,2025-09-16T20:33:01.059Z,pending,0,,,,,
E9o6RB8Eo7XhoEeeyiAd88cYk4nJZgF93iNE99Srpump,5PiEUDDxu4X44SMAb7FALHgDm9pLfs2EotbvWcwZyr3E6dDcp1LFMeoavVNdLtv6Xi4427fXW2wxybGYwmjP2hMR,2025-09-16T20:33:01.059Z,rejected,1,1.4983115746765596,,,2025-09-16T20:33:01.059Z,Low liquidity: 1.50 ETH
6ZzMpADoHhihQ77H77NR6o7pqrfCNcK8muo8F2i6pump,45Xxfn6YCxW9RaaccXD3kKY7rL6TNufk4Bwheoru8BPipkfzC6nAQzC1wm6NUhwR8xzfcqLQWLtc5rKisRnGw27C,2025-09-16T20:33:01.083Z,pending,0,,,,,
6ZzMpADoHhihQ77H77NR6o7pqrfCNcK8muo8F2i6pump,45Xxfn6YCxW9RaaccXD3kKY7rL6TNufk4Bwheoru8BPipkfzC6nAQzC1wm6NUhwR8xzfcqLQWLtc5rKisRnGw27C,2025-09-16T20:33:01.083Z,bought,1,3.6821440722802263,true,,2025-09-16T20:33:01.083Z,
9HbXeQfQNxg7dgxa6e484oExNqodyHzKbMCTU2gL36r2,viJXXBCPYDEeXhBdQG1y3D8cSt9bKe9fVhra8wTJkzFq5hjGfqJM1KZ47Menb4JQVn2mhMTbhqX36JHNY59Va8g,2025-09-16T20:33:01.205Z,pending,0,,,,,
9HbXeQfQNxg7dgxa6e484oExNqodyHzKbMCTU2gL36r2,viJXXBCPYDEeXhBdQG1y3D8cSt9bKe9fVhra8wTJkzFq5hjGfqJM1KZ47Menb4JQVn2mhMTbhqX36JHNY59Va8g,2025-09-16T20:33:01.205Z,bought,1,7.796070962690811,true,,2025-09-16T20:33:01.207Z,
5h6pNpBcZyhNhwPqdCdp1EGBN17FiwhCLtH2PWe1pump,4LetsPGDuMoPLVHdZHGsvCyVhd8eQecTEpY3acVZK2obS3SWaG6UKKMaB4L9vQv8virmGMSHW93DnH2Dv3GuHTQF,2025-09-16T20:33:01.262Z,pending,0,,,,,
5h6pNpBcZyhNhwPqdCdp1EGBN17FiwhCLtH2PWe1pump,4LetsPGDuMoPLVHdZHGsvCyVhd8eQecTEpY3acVZK2obS3SWaG6UKKMaB4L9vQv8virmGMSHW93DnH2Dv3GuHTQF,2025-09-16T20:33:01.262Z,rejected,1,2.2558378550633544,,,2025-09-16T20:33:01.263Z,Low liquidity: 2.26 ETH
ACCP1c9KxENT82TL2LSY4FnNGtm9qySFq8KSGYQppump,4D9pfRrhirPNAEFF6tBzUXPN2XNSFHZj2aUjhS8MVfaDZwNAhJoFWpWwmoxvwLKCmq7ojVCFhBPX7qp2Mnt9gixR,2025-09-16T20:33:01.479Z,pending,0,,,,,
ACCP1c9KxENT82TL2LSY4FnNGtm9qySFq8KSGYQppump,4D9pfRrhirPNAEFF6tBzUXPN2XNSFHZj2aUjhS8MVfaDZwNAhJoFWpWwmoxvwLKCmq7ojVCFhBPX7qp2Mnt9gixR,2025-09-16T20:33:01.479Z,bought,1,9.071567350470145,true,,2025-09-16T20:33:01.479Z,
8kZZZ5rtKZs3HZi6LctX1je3Z5camYJbyqE4bzmhpump,2qoigQPqtQL8i2yFLmYiu393xY38sYjghcnz7wHj3rtMn6Yhdv9rc1LtXEHW4YWYRjG2ye7hmWWBqC31KdSKgpom,2025-09-16T20:33:02.159Z,pending,0,,,,,
8kZZZ5rtKZs3HZi6LctX1je3Z5camYJbyqE4bzmhpump,2qoigQPqtQL8i2yFLmYiu393xY38sYjghcnz7wHj3rtMn6Yhdv9rc1LtXEHW4YWYRjG2ye7hmWWBqC31KdSKgpom,2025-09-16T20:33:02.159Z,bought,1,9.677326682375714,true,,2025-09-16T20:33:02.159Z,
CbWf5qAnU8zdzszA7qbp8Dbok3jLW8AzAwDERtkpump,JwFLFDUpjB9u6384KbXKViFwWeCmUVpckjGZv6KVbYEYWcd6hxh2p74wBwYjbNKgXLeqZxBhECzRTiiNynUgBUP,2025-09-16T20:33:02.195Z,pending,0,,,,,
CbWf5qAnU8zdzszA7qbp8Dbok3jLW8AzAwDERtkpump,JwFLFDUpjB9u6384KbXKViFwWeCmUVpckjGZv6KVbYEYWcd6hxh2p74wBwYjbNKgXLeqZxBhECzRTiiNynUgBUP,2025-09-16T20:33:02.195Z,bought,1,9.132125376694784,true,,2025-09-16T20:33:02.195Z,
C4NtyS8A8cEK6rdXUmMAHyWJDSegXbyxAFJM4XipGury,2z1Gj5eE7Xg8vpNDYBTN2ZWSj1gGZG1CrnsUZg6suFZ4qr1vhBnK3dDKgZrWkJ1HBu5b1eSsS4Z73gAjK22o5hv4,2025-09-16T20:33:02.305Z,pending,0,,,,,
C4NtyS8A8cEK6rdXUmMAHyWJDSegXbyxAFJM4XipGury,2z1Gj5eE7Xg8vpNDYBTN2ZWSj1gGZG1CrnsUZg6suFZ4qr1vhBnK3dDKgZrWkJ1HBu5b1eSsS4Z73gAjK22o5hv4,2025-09-16T20:33:02.305Z,rejected,1,0.7989775893185579,,,2025-09-16T20:33:02.306Z,Low liquidity: 0.80 ETH
3vDQbCAmak22RTAx3SvxVY6s4DQRGb9YUej1SyAdpump,5gzR82zhg2yoRWqecBzcWfbTh3xrdMR8fxzDPZWAKxUYhZiKZ8tFcBEJ18Xwvneoz6nh1UAk1tDvSANNkBVCqrLa,2025-09-16T20:33:02.345Z,pending,0,,,,,
3vDQbCAmak22RTAx3SvxVY6s4DQRGb9YUej1SyAdpump,5gzR82zhg2yoRWqecBzcWfbTh3xrdMR8fxzDPZWAKxUYhZiKZ8tFcBEJ18Xwvneoz6nh1UAk1tDvSANNkBVCqrLa,2025-09-16T20:33:02.345Z,rejected,1,8.287777455533414,,,2025-09-16T20:33:02.346Z,Mint/Freeze authorities not renounced
ApyDqKqgnAAgcXWTf8jFg8piSYNqtZznNiieii5BTMHD,5huZxBBquxeVcT5ivDMhsgTXn2m74g3DLPv6QEKHbLsVjRSipxbHWmJY5cxYU5FiTGpzp1hnbw2BLPD3uuCtwQwD,2025-09-16T20:33:02.396Z,pending,0,,,,,
ApyDqKqgnAAgcXWTf8jFg8piSYNqtZznNiieii5BTMHD,5huZxBBquxeVcT5ivDMhsgTXn2m74g3DLPv6QEKHbLsVjRSipxbHWmJY5cxYU5FiTGpzp1hnbw2BLPD3uuCtwQwD,2025-09-16T20:33:02.396Z,rejected,1,2.6843265082229504,,,2025-09-16T20:33:02.397Z,Low liquidity: 2.68 ETH
FgvTkV6g12E1Zrcv9HtxYJErrbpeojqwJL3EH6oopump,NBznfCfqCB658c9NK6yzhhwkvF5L8cPxesTdDM4yAENiNQ1LADdSF1yGzGhm9tXsKwDPnRtQDjdERjpN81dGBkD,2025-09-16T20:33:00.030Z,bought,2,9.65015807049267,true,,2025-09-16T20:33:46.456Z,Stage 1 error: Liquidity data not yet available
Gqrf9dod5VQbnYmQoFgbfQhPMKdXPgm8H17jT25Ypump,36yBwrjX3ayfZHXbr5m6xEsYSxnGew6mqK4k2umSdy5iNpZghTB3TRNd6zP3xhcGMePKM7RJk7RGbpdWviNMxixN,2025-09-16T20:34:00.644Z,pending,0,,,,,
Gqrf9dod5VQbnYmQoFgbfQhPMKdXPgm8H17jT25Ypump,36yBwrjX3ayfZHXbr5m6xEsYSxnGew6mqK4k2umSdy5iNpZghTB3TRNd6zP3xhcGMePKM7RJk7RGbpdWviNMxixN,2025-09-16T20:34:00.644Z,bought,1,6.7251922102241535,true,,2025-09-16T20:34:00.645Z,
GxWv7pdprFatYkb4hiyKEEUafTDtwePpUogQUFFWpump,4h1NjhNBf144jjibx5WM32SaFRyZQbAQ27g8Xc7oBELK5eZoaenXVSzh3jRPcTwnyVGXR8jxQcLheFNgLjUAJN5N,2025-09-16T20:34:00.695Z,pending,0,,,,,
GxWv7pdprFatYkb4hiyKEEUafTDtwePpUogQUFFWpump,4h1NjhNBf144jjibx5WM32SaFRyZQbAQ27g8Xc7oBELK5eZoaenXVSzh3jRPcTwnyVGXR8jxQcLheFNgLjUAJN5N,2025-09-16T20:34:00.695Z,bought,1,9.989926926079344,true,,2025-09-16T20:34:00.695Z,
6JsLKqTrLmkLPcdE38FuDk3w8mth2JSLR8tMdG38pump,FfDk9MXwZLVJrzWLhJfiQYwBNAKwoTNtf31WUpxVrjbT7dRTzqpMbwSAZ7UhNVcToGENkZ86S8M2RgE4qowjcT7,2025-09-16T20:34:00.787Z,pending,0,,,,,
6JsLKqTrLmkLPcdE38FuDk3w8mth2JSLR8tMdG38pump,FfDk9MXwZLVJrzWLhJfiQYwBNAKwoTNtf31WUpxVrjbT7dRTzqpMbwSAZ7UhNVcToGENkZ86S8M2RgE4qowjcT7,2025-09-16T20:34:00.787Z,bought,1,7.9443133018480685,true,,2025-09-16T20:34:00.787Z,
3RSWXMjwWoFkK6342ge5kwijCpF9NJgGhSinAn2jpump,3AugReB2wwSt6uJ7Mi9Hu8PpzR5cA8HjdXLuZQTGToALoaXH71Z2guHX5PLiCn3XS5CE6kPRfVxyYSHRShogXtsj,2025-09-16T20:34:01.519Z,pending,0,,,,,
3RSWXMjwWoFkK6342ge5kwijCpF9NJgGhSinAn2jpump,3AugReB2wwSt6uJ7Mi9Hu8PpzR5cA8HjdXLuZQTGToALoaXH71Z2guHX5PLiCn3XS5CE6kPRfVxyYSHRShogXtsj,2025-09-16T20:34:01.519Z,pending,1,,,,2025-09-16T20:34:01.519Z,Stage 1 error: Liquidity data not yet available
6tuw8fnhpacgrqzK9jNAzrwXn2KbWM72K5Cd3Xavpump,7sb8J4syP4QyUmezFeAcoBskJjutNLeenQkSYzCbgJ3xbJdWUARJUmc58t47kBqiruogcqxHFquqyNEJ5HEWGqn,2025-09-16T20:34:01.540Z,pending,0,,,,,
6tuw8fnhpacgrqzK9jNAzrwXn2KbWM72K5Cd3Xavpump,7sb8J4syP4QyUmezFeAcoBskJjutNLeenQkSYzCbgJ3xbJdWUARJUmc58t47kBqiruogcqxHFquqyNEJ5HEWGqn,2025-09-16T20:34:01.540Z,bought,1,8.906458219679577,true,,2025-09-16T20:34:01.540Z,
7gC3sVV7LwJiTuhU9BaaK5mPRMjq65oqjJNNek32pump,2zZ7DNJ23PD82rxGgbnZDWNjoDjbesA1WgAFL6Ga6LEUnhKpGj1CuXHtyLUYG4RwRcFCzwkTqddez2R5uX8N2EDh,2025-09-16T20:34:01.792Z,pending,0,,,,,
7gC3sVV7LwJiTuhU9BaaK5mPRMjq65oqjJNNek32pump,2zZ7DNJ23PD82rxGgbnZDWNjoDjbesA1WgAFL6Ga6LEUnhKpGj1CuXHtyLUYG4RwRcFCzwkTqddez2R5uX8N2EDh,2025-09-16T20:34:01.792Z,rejected,1,5.570949184462792,,,2025-09-16T20:34:01.793Z,Mint/Freeze authorities not renounced
AjsLE6gcNCg7bh1atnBHmXsG1khxkQw3U9zaGoumpump,3xhR3Vmzieiti5A1H2L5PrTdLMMDKgK3fMMNqzG3ym3cS5HBtASHZqjy5EUuf9PX4VXtpw3PfbpRyDWMnHGkRfwb,2025-09-16T20:34:02.649Z,pending,0,,,,,
AjsLE6gcNCg7bh1atnBHmXsG1khxkQw3U9zaGoumpump,3xhR3Vmzieiti5A1H2L5PrTdLMMDKgK3fMMNqzG3ym3cS5HBtASHZqjy5EUuf9PX4VXtpw3PfbpRyDWMnHGkRfwb,2025-09-16T20:34:02.649Z,rejected,1,9.406760616561725,,,2025-09-16T20:34:02.650Z,Mint/Freeze authorities not renounced
F4voVcr1qhothhoGjvptnCgwF7biVGqJDZrtQvQcpump,2741J2D2LaVfEHjzpQC8ozG5e9kfrAaNCFSr7suoNpqi4jsMBijUDtWV9o3KgnF1HycuYZXjLyRzFuotzu67NWp5,2025-09-16T20:34:02.668Z,pending,0,,,,,
F4voVcr1qhothhoGjvptnCgwF7biVGqJDZrtQvQcpump,2741J2D2LaVfEHjzpQC8ozG5e9kfrAaNCFSr7suoNpqi4jsMBijUDtWV9o3KgnF1HycuYZXjLyRzFuotzu67NWp5,2025-09-16T20:34:02.668Z,rejected,1,4.093399975138569,,,2025-09-16T20:34:02.669Z,Mint/Freeze authorities not renounced
8Hg1nUVYjCiiRWzQkLQjBw8FicWhJ6RnXV8UTFfXQjuw,2wiJW6BPFUxwctKkSDNRCvTg7adBNadYkhL4VKx2GuvbFseGBnxPcs2wcCiyBRtspzCe6mGohow7sp3udyAHnmd2,2025-09-16T20:34:02.778Z,pending,0,,,,,
8Hg1nUVYjCiiRWzQkLQjBw8FicWhJ6RnXV8UTFfXQjuw,2wiJW6BPFUxwctKkSDNRCvTg7adBNadYkhL4VKx2GuvbFseGBnxPcs2wcCiyBRtspzCe6mGohow7sp3udyAHnmd2,2025-09-16T20:34:02.778Z,rejected,1,4.657762447411492,,,2025-09-16T20:34:02.779Z,Mint/Freeze authorities not renounced
87NhSoPjhPB3pGJ6d8UyxDvmomt4CQJ47GQAGHRTVtED,9TSMnbDBSwEbaUkZTrupT4o4khdNProwTaCNYcB4Y7PiSgJgsLUfRPsAJ1UkA5FLGyPrg993UdnaC7nfYiAFft4,2025-09-16T20:34:02.985Z,pending,0,,,,,
87NhSoPjhPB3pGJ6d8UyxDvmomt4CQJ47GQAGHRTVtED,9TSMnbDBSwEbaUkZTrupT4o4khdNProwTaCNYcB4Y7PiSgJgsLUfRPsAJ1UkA5FLGyPrg993UdnaC7nfYiAFft4,2025-09-16T20:34:02.985Z,bought,1,6.690419486973806,true,,2025-09-16T20:34:02.985Z,
4Qzdkmww1rrC34WCHqVbbRydFiWPepdyQLSkuwZqpump,3YKbttz4QJTaJNba2GgG7XEVkyGWyAe84L9iMiy7phwYfWZy4k2VNCtSBBtu3FLgdenzhDUeoGz2ohKPadS3rR8c,2025-09-16T20:34:03.846Z,pending,0,,,,,
4Qzdkmww1rrC34WCHqVbbRydFiWPepdyQLSkuwZqpump,3YKbttz4QJTaJNba2GgG7XEVkyGWyAe84L9iMiy7phwYfWZy4k2VNCtSBBtu3FLgdenzhDUeoGz2ohKPadS3rR8c,2025-09-16T20:34:03.846Z,bought,1,4.660857443400711,true,,2025-09-16T20:34:03.847Z,
3RSWXMjwWoFkK6342ge5kwijCpF9NJgGhSinAn2jpump,3AugReB2wwSt6uJ7Mi9Hu8PpzR5cA8HjdXLuZQTGToALoaXH71Z2guHX5PLiCn3XS5CE6kPRfVxyYSHRShogXtsj,2025-09-16T20:34:01.519Z,bought,2,6.888473967038629,true,,2025-09-16T20:34:46.470Z,Stage 1 error: Liquidity data not yet available
g5Ng3ck4ejVXrV89K5Tr2EMp2fMsfCKsgMZQyzepump,JcvSmRpXhFNeJsS3jw1Yp8Pzte3TjmBQrNZ6DkwnuAia13dY3rL142J2B7EyWnkQjUYvaSqhB46xhk58q1hmn4Z,2025-09-16T20:35:00.416Z,pending,0,,,,,
g5Ng3ck4ejVXrV89K5Tr2EMp2fMsfCKsgMZQyzepump,JcvSmRpXhFNeJsS3jw1Yp8Pzte3TjmBQrNZ6DkwnuAia13dY3rL142J2B7EyWnkQjUYvaSqhB46xhk58q1hmn4Z,2025-09-16T20:35:00.416Z,rejected,1,9.217949068575155,,,2025-09-16T20:35:00.417Z,Mint/Freeze authorities not renounced
BtiTujYoXNKTxPeKfH8FG78WqUc8VsYBXyL5vHmYNAwv,3bWfGPAy3aUDT4qnCbvhFcQhSXYGQboARrVpdNe2hJmr5rfPKf6dvGnoGMLzsM4tcXne8XxsJNFmY2iGXPSiYomK,2025-09-16T20:35:00.454Z,pending,0,,,,,
BtiTujYoXNKTxPeKfH8FG78WqUc8VsYBXyL5vHmYNAwv,3bWfGPAy3aUDT4qnCbvhFcQhSXYGQboARrVpdNe2hJmr5rfPKf6dvGnoGMLzsM4tcXne8XxsJNFmY2iGXPSiYomK,2025-09-16T20:35:00.454Z,bought,1,5.413981851516591,true,,2025-09-16T20:35:00.454Z,
DV6DxQVPV64NqkRKDPk4i9fy2TEoLcEzsPzZUnvApump,5q4AYintsF6LjMuuNEK4HSfsHi9nYaPgf6Fhc1DwH6vysPyUzhQeR9NJVJntgEfyV7kfjJC1HBEtfsoWxGdLZ34c,2025-09-16T20:35:00.486Z,pending,0,,,,,
DV6DxQVPV64NqkRKDPk4i9fy2TEoLcEzsPzZUnvApump,5q4AYintsF6LjMuuNEK4HSfsHi9nYaPgf6Fhc1DwH6vysPyUzhQeR9NJVJntgEfyV7kfjJC1HBEtfsoWxGdLZ34c,2025-09-16T20:35:00.486Z,rejected,1,6.508309889793676,,,2025-09-16T20:35:00.486Z,Mint/Freeze authorities not renounced
2WasRvTTKerSncWpeiP9QZ1MMBG2X7PpZfmUBcoqsaeA,37gJ9fzvmRmuDCqefd3DMC5vaCk9zfBRY82wwJWwG8PdMSdvEDBj71DH7b6KZfofeDQxozjwGtmV9RsAhhoX79BT,2025-09-16T20:35:00.596Z,pending,0,,,,,
2WasRvTTKerSncWpeiP9QZ1MMBG2X7PpZfmUBcoqsaeA,37gJ9fzvmRmuDCqefd3DMC5vaCk9zfBRY82wwJWwG8PdMSdvEDBj71DH7b6KZfofeDQxozjwGtmV9RsAhhoX79BT,2025-09-16T20:35:00.596Z,pending,1,,,,2025-09-16T20:35:00.596Z,Stage 1 error: Liquidity data not yet available
3YcQRTjWoiGV9jmaF5dLrbEVvn3PWyCXpV3szoKupump,3rKPNtP9NuNoCaUsfzFrAoFqngkweFUx4igX5G5H5983xnYAh7HxnKH2JcfDh7X2bnJf3tVLaoVuZ1CNnWC7CBXc,2025-09-16T20:35:00.621Z,pending,0,,,,,
3YcQRTjWoiGV9jmaF5dLrbEVvn3PWyCXpV3szoKupump,3rKPNtP9NuNoCaUsfzFrAoFqngkweFUx4igX5G5H5983xnYAh7HxnKH2JcfDh7X2bnJf3tVLaoVuZ1CNnWC7CBXc,2025-09-16T20:35:00.621Z,rejected,1,5.418654246283252,,,2025-09-16T20:35:00.621Z,Mint/Freeze authorities not renounced
5LKDbHHYdcLN1VHBiW66iZRXhWC91Ddv1fCwhvsEpump,38MfLH4CkBChDZTEcZ5miEe2zep9LHchgbdmcJRuPw8Vv6hSCX5yVLNS8sAKRyrqwiJVTQdsKetP8dFEfe5hb8im,2025-09-16T20:35:00.662Z,pending,0,,,,,
5LKDbHHYdcLN1VHBiW66iZRXhWC91Ddv1fCwhvsEpump,38MfLH4CkBChDZTEcZ5miEe2zep9LHchgbdmcJRuPw8Vv6hSCX5yVLNS8sAKRyrqwiJVTQdsKetP8dFEfe5hb8im,2025-09-16T20:35:00.662Z,bought,1,6.722853711675374,true,,2025-09-16T20:35:00.663Z,
87bSWSAp1WSZmoEn6evQ8JcwYMViTwKA51bkFqAbpump,47MfKegPQXtaXLmSPNYUVpHj1Nuik7GDBKPK6Ks421XGpqcJCEPWFFk42zN1wnctP7aCxSrk2vEUQVVZEpDawjJ2,2025-09-16T20:35:01.521Z,pending,0,,,,,
87bSWSAp1WSZmoEn6evQ8JcwYMViTwKA51bkFqAbpump,47MfKegPQXtaXLmSPNYUVpHj1Nuik7GDBKPK6Ks421XGpqcJCEPWFFk42zN1wnctP7aCxSrk2vEUQVVZEpDawjJ2,2025-09-16T20:35:01.521Z,bought,1,5.744219248087372,true,,2025-09-16T20:35:01.522Z,
B8rT4FBrMGN1Ghjv4qVEaUJfwkBg2sFYAHufFtqGpump,3aH9PEew8NX4ZZyrZu8RsCd46XUxSb8LgVGLzBP2paPmb5vhfGFP6eGvBQrfEiwqLeTnBGhTNCbVaTgUiDC2SpJw,2025-09-16T20:35:01.557Z,pending,0,,,,,
B8rT4FBrMGN1Ghjv4qVEaUJfwkBg2sFYAHufFtqGpump,3aH9PEew8NX4ZZyrZu8RsCd46XUxSb8LgVGLzBP2paPmb5vhfGFP6eGvBQrfEiwqLeTnBGhTNCbVaTgUiDC2SpJw,2025-09-16T20:35:01.557Z,bought,1,6.377567023573627,true,,2025-09-16T20:35:01.557Z,
UJZUzj1TtMCS8W99zpsKyZZX1xC61LvFz94fneWpump,3VUWMrJj4fnUDBoufuDcFaDXTaJeMHSvEsGL78rB4vVaYoBMDf6K5wiY8LNgQky6RiZdciTceH7cSfPT7vspRer,2025-09-16T20:35:01.600Z,pending,0,,,,,
UJZUzj1TtMCS8W99zpsKyZZX1xC61LvFz94fneWpump,3VUWMrJj4fnUDBoufuDcFaDXTaJeMHSvEsGL78rB4vVaYoBMDf6K5wiY8LNgQky6RiZdciTceH7cSfPT7vspRer,2025-09-16T20:35:01.600Z,rejected,1,6.85151280475048,,,2025-09-16T20:35:01.601Z,Mint/Freeze authorities not renounced
FLGxFshNnUTDb1S1XEnVeEdrpwzy1NHpaRwj11a7pump,3Fik4nwcVrKFGVH4stkqFWrZnrKM3KgcVoYZFnuiK8wTgfPCmhDZE6vcHhDJY8sNPA1zyJg4nHevWjhZoFHhbwEt,2025-09-16T20:35:01.623Z,pending,0,,,,,
FLGxFshNnUTDb1S1XEnVeEdrpwzy1NHpaRwj11a7pump,3Fik4nwcVrKFGVH4stkqFWrZnrKM3KgcVoYZFnuiK8wTgfPCmhDZE6vcHhDJY8sNPA1zyJg4nHevWjhZoFHhbwEt,2025-09-16T20:35:01.623Z,rejected,1,2.773455904231401,,,2025-09-16T20:35:01.624Z,Low liquidity: 2.77 ETH
GDEhhoqRCBvazUPM9D7ZcyYGJu7A5PwrjEijdRmCWGzN,4NKQR7Z8L5Ng3Q1CbwmZEFdftk8Bc1fCwZhmvkj355FpMLsKu3UYNetsgYUmke1qm39rAnp8pQVfmeGbrj5hHpyy,2025-09-16T20:35:01.826Z,pending,0,,,,,
GDEhhoqRCBvazUPM9D7ZcyYGJu7A5PwrjEijdRmCWGzN,4NKQR7Z8L5Ng3Q1CbwmZEFdftk8Bc1fCwZhmvkj355FpMLsKu3UYNetsgYUmke1qm39rAnp8pQVfmeGbrj5hHpyy,2025-09-16T20:35:01.826Z,bought,1,4.461654538004284,true,,2025-09-16T20:35:01.827Z,
DA9yrDMqJqoQXHrS117FPQR453nxCbsruyQceKhvpump,2AAAzp9ysEEsMe6yrXHLsq53FtVkwdTnnLZddo8JZndkAaTiuKkTR4s1YGH5MmFv5WA7GjTzVcA99Mes3R8R1CaV,2025-09-16T20:35:01.878Z,pending,0,,,,,
DA9yrDMqJqoQXHrS117FPQR453nxCbsruyQceKhvpump,2AAAzp9ysEEsMe6yrXHLsq53FtVkwdTnnLZddo8JZndkAaTiuKkTR4s1YGH5MmFv5WA7GjTzVcA99Mes3R8R1CaV,2025-09-16T20:35:01.878Z,bought,1,9.549754443405291,true,,2025-09-16T20:35:01.878Z,
9DU1FXjeG565btTpG2TZFEQWVSRRVpakh4e2ePszpump,25wgyyf9yxmTdonAGuL1iRo5g4qmGvFLmWxWYbGagf6NZcUhQEBo4XeAiZD1WzGqmayYKn4hGbmihVv7WAmJDTKc,2025-09-16T20:35:02.657Z,pending,0,,,,,
9DU1FXjeG565btTpG2TZFEQWVSRRVpakh4e2ePszpump,25wgyyf9yxmTdonAGuL1iRo5g4qmGvFLmWxWYbGagf6NZcUhQEBo4XeAiZD1WzGqmayYKn4hGbmihVv7WAmJDTKc,2025-09-16T20:35:02.657Z,rejected,1,6.416109701173201,,,2025-09-16T20:35:02.657Z,Mint/Freeze authorities not renounced
EaL7UFPrFEfUn6cEQ8vEiybRi7oCXmYLeCVyezydpump,57ZxuDcNYWLvsTyEEuGRV2V7iFufnRocvTFvawx9bLuAks43TrK8EwMh3PBUdY7Nr1toMvVFGmYggycqbW6W5Fn8,2025-09-16T20:35:02.686Z,pending,0,,,,,
EaL7UFPrFEfUn6cEQ8vEiybRi7oCXmYLeCVyezydpump,57ZxuDcNYWLvsTyEEuGRV2V7iFufnRocvTFvawx9bLuAks43TrK8EwMh3PBUdY7Nr1toMvVFGmYggycqbW6W5Fn8,2025-09-16T20:35:02.686Z,bought,1,5.013193190250929,true,,2025-09-16T20:35:02.687Z,
AHU6Xc6y7KHQuwVatiAxnxWVKbdWuecfTuLKSWMQpump,3hPYQSFe2KzLrJ2eJGVopKgwyzc1J6KeR5v5M8HG85BTFFdLqsZHAAjNWFbxVnLE3oq7tw5TBsfzJu2wXCdQokPY,2025-09-16T20:35:03.808Z,pending,0,,,,,
AHU6Xc6y7KHQuwVatiAxnxWVKbdWuecfTuLKSWMQpump,3hPYQSFe2KzLrJ2eJGVopKgwyzc1J6KeR5v5M8HG85BTFFdLqsZHAAjNWFbxVnLE3oq7tw5TBsfzJu2wXCdQokPY,2025-09-16T20:35:03.808Z,rejected,1,9.54765944478796,,,2025-09-16T20:35:03.808Z,Mint/Freeze authorities not renounced
2WasRvTTKerSncWpeiP9QZ1MMBG2X7PpZfmUBcoqsaeA,37gJ9fzvmRmuDCqefd3DMC5vaCk9zfBRY82wwJWwG8PdMSdvEDBj71DH7b6KZfofeDQxozjwGtmV9RsAhhoX79BT,2025-09-16T20:35:00.596Z,rejected,2,2.203397869389871,,,2025-09-16T20:35:46.474Z,Stage 1 error: Liquidity data not yet available;Low liquidity: 2.20 ETH
6Vhw8AQchuZabX5H4VJ9pAWE1bxLUqneLru8uzjapump,5pCcVYbfoewK9XeyZ1foU1xrR4PZFDnhW4CTtnHRA658nZvnigcQ87xrk547uNPyVRFQY53uqbsxanyMJgmG5Bnd,2025-09-16T20:36:00.509Z,pending,0,,,,,
6Vhw8AQchuZabX5H4VJ9pAWE1bxLUqneLru8uzjapump,5pCcVYbfoewK9XeyZ1foU1xrR4PZFDnhW4CTtnHRA658nZvnigcQ87xrk547uNPyVRFQY53uqbsxanyMJgmG5Bnd,2025-09-16T20:36:00.509Z,bought,1,8.51902181892719,true,,2025-09-16T20:36:00.509Z,
HVhdfvhZJ9VtMWZwHemVRWS2QZDQ34SBr8sSN9xXpump,5Sth2PmW5zyovoFBgVzg9WaMHvj1b4Hpcfz5M9yjH43oqMfdStHEVfTtkcaRnxkMJqg5Ap1PyikTL4zC1nzArDFN,2025-09-16T20:36:00.561Z,pending,0,,,,,
HVhdfvhZJ9VtMWZwHemVRWS2QZDQ34SBr8sSN9xXpump,5Sth2PmW5zyovoFBgVzg9WaMHvj1b4Hpcfz5M9yjH43oqMfdStHEVfTtkcaRnxkMJqg5Ap1PyikTL4zC1nzArDFN,2025-09-16T20:36:00.561Z,bought,1,5.638623697741779,true,,2025-09-16T20:36:00.561Z,
2TnzmgnH1yuEfR2DV2rxhyQyzgxsytzprer9vgqN9vQ5,4F6LQmF6ZBoGW8kcEnyYYUPzuiCNQ74LTuzP28imyvNqdk3mpgqsYDfWvGYCciqfwqisQNwp2kkiMu6aRLaPaFhW,2025-09-16T20:36:00.893Z,pending,0,,,,,
2TnzmgnH1yuEfR2DV2rxhyQyzgxsytzprer9vgqN9vQ5,4F6LQmF6ZBoGW8kcEnyYYUPzuiCNQ74LTuzP28imyvNqdk3mpgqsYDfWvGYCciqfwqisQNwp2kkiMu6aRLaPaFhW,2025-09-16T20:36:00.893Z,rejected,1,8.538769330678596,,,2025-09-16T20:36:00.893Z,Mint/Freeze authorities not renounced
NKpXWQN6DqBsot1uaKTnFnrtAi2BUFZVNwvS8G2pump,4EZLaScLvUo4XDUNDz54RvqZGBsxsgXJjrGk5crv1RqASk6jxDjsrC4MYunEheN3P21fWMBMy1hSqPKJGMkHPMnz,2025-09-16T20:36:01.671Z,pending,0,,,,,
NKpXWQN6DqBsot1uaKTnFnrtAi2BUFZVNwvS8G2pump,4EZLaScLvUo4XDUNDz54RvqZGBsxsgXJjrGk5crv1RqASk6jxDjsrC4MYunEheN3P21fWMBMy1hSqPKJGMkHPMnz,2025-09-16T20:36:01.671Z,bought,1,5.425371644147311,true,,2025-09-16T20:36:01.671Z,
FoATkVLuua5PhUdszyuHe6b2EHBJCxQ3KeNSX9R7pump,42Fm85Fdgp3gW443H3kssdNUdGR5U3tS3BysiBYuYFm4UZFe7aSebUvAh5nGJvjxdZ3pNkZnk5T33uuTYzLDV8G,2025-09-16T20:36:01.721Z,pending,0,,,,,
FoATkVLuua5PhUdszyuHe6b2EHBJCxQ3KeNSX9R7pump,42Fm85Fdgp3gW443H3kssdNUdGR5U3tS3BysiBYuYFm4UZFe7aSebUvAh5nGJvjxdZ3pNkZnk5T33uuTYzLDV8G,2025-09-16T20:36:01.721Z,rejected,1,9.08494817105479,,,2025-09-16T20:36:01.721Z,Mint/Freeze authorities not renounced
4ewboPEfby8Fb1xWSTZgF5HW94yB5GCmW2qTCQ8nuoRS,2hZqvYmTiszBbiaNKRCh7jwnvTr9sfLRPTfxDxyBeU2BK6dywbvb2LGxhxWjy2cquST5cKYGRs6cxHwePKwFc5kd,2025-09-16T20:36:01.794Z,pending,0,,,,,
4ewboPEfby8Fb1xWSTZgF5HW94yB5GCmW2qTCQ8nuoRS,2hZqvYmTiszBbiaNKRCh7jwnvTr9sfLRPTfxDxyBeU2BK6dywbvb2LGxhxWjy2cquST5cKYGRs6cxHwePKwFc5kd,2025-09-16T20:36:01.794Z,rejected,1,3.2267760345678704,,,2025-09-16T20:36:01.794Z,Mint/Freeze authorities not renounced
B5yGDZc4FWGh5Xhd3qeoxfH3urC9bNnMHWponbq5PamE,58rvTjqF46DJ5JgQpdhupvfJMkmw4cmRF2XSp4MaN2FpeWuopwyXi7cbGHtySt5i13W1JGiP1Gc1BidVVfxSumrs,2025-09-16T20:36:03.917Z,pending,0,,,,,
B5yGDZc4FWGh5Xhd3qeoxfH3urC9bNnMHWponbq5PamE,58rvTjqF46DJ5JgQpdhupvfJMkmw4cmRF2XSp4MaN2FpeWuopwyXi7cbGHtySt5i13W1JGiP1Gc1BidVVfxSumrs,2025-09-16T20:36:03.917Z,rejected,1,1.6778373002259515,,,2025-09-16T20:36:03.917Z,Low liquidity: 1.68 ETH
61Ca1p5nLVndmt5y6gUn4DyPMwq6fhitVrcyRCdNpump,3LDaQDQCHuG5eF5hVzYZM31hbthTjJJoAPM1GBFXR5kRaGmC2CQmcuavoWHrAQmsdoiakFZF171VV2dBDRsLAeqN,2025-09-16T20:36:04.924Z,pending,0,,,,,
61Ca1p5nLVndmt5y6gUn4DyPMwq6fhitVrcyRCdNpump,3LDaQDQCHuG5eF5hVzYZM31hbthTjJJoAPM1GBFXR5kRaGmC2CQmcuavoWHrAQmsdoiakFZF171VV2dBDRsLAeqN,2025-09-16T20:36:04.924Z,rejected,1,7.99428491182932,,,2025-09-16T20:36:04.925Z,Mint/Freeze authorities not renounced
6oU6VZWUL5W9Yyp6QicGNzGVjXGsYRxkfPZX2Ggupump,57vHNavT9AJhtffgaiYWYxoEFLrzeUpKkT9qCDvWkUxNrfn8uSdhf4bUVu4g3M2MC1HrSwVGJg8xKHLcTitfzp9q,2025-09-16T20:36:04.996Z,pending,0,,,,,
6oU6VZWUL5W9Yyp6QicGNzGVjXGsYRxkfPZX2Ggupump,57vHNavT9AJhtffgaiYWYxoEFLrzeUpKkT9qCDvWkUxNrfn8uSdhf4bUVu4g3M2MC1HrSwVGJg8xKHLcTitfzp9q,2025-09-16T20:36:04.996Z,bought,1,9.859266680771732,true,,2025-09-16T20:36:04.996Z,
Hx2VTZ58MEd68NC4hi1RwKSL94dQ2ZeLhZMMidcfpump,43Wh3E3LjfR2AAkNbHhNHxXBH6qQdNj4UGHCyBUobtBJFnPDosyF5MKgenkosm33ZsWFMhaasMpEp9bcrATJzqs2,2025-09-16T20:37:00.008Z,pending,0,,,,,
Hx2VTZ58MEd68NC4hi1RwKSL94dQ2ZeLhZMMidcfpump,43Wh3E3LjfR2AAkNbHhNHxXBH6qQdNj4UGHCyBUobtBJFnPDosyF5MKgenkosm33ZsWFMhaasMpEp9bcrATJzqs2,2025-09-16T20:37:00.008Z,rejected,1,2.0593141099499066,,,2025-09-16T20:37:00.009Z,Low liquidity: 2.06 ETH
9fzUFKrkRcALKGPY2JFoTQhftCJMUXT5UKJQubu8pump,4mSqdTTzyHGcp9rmcGdZboF3tX42T8ZLFzdzdwmmX2ajRAZiE4b62PMYaBL14Ga62p1wcvUCTUKPQGmETZ8sWJxe,2025-09-16T20:37:00.093Z,pending,0,,,,,
9fzUFKrkRcALKGPY2JFoTQhftCJMUXT5UKJQubu8pump,4mSqdTTzyHGcp9rmcGdZboF3tX42T8ZLFzdzdwmmX2ajRAZiE4b62PMYaBL14Ga62p1wcvUCTUKPQGmETZ8sWJxe,2025-09-16T20:37:00.093Z,rejected,1,6.899025660455279,,,2025-09-16T20:37:00.094Z,Mint/Freeze authorities not renounced
FYPyLkE9kquHMEBa56qXodL4Q6dTkkd6Ux3duCB5pump,4igFzr5KoS9gkGz5DFuCAsRW5UwJu31ejpJaeAbAP6au8XfDVSVicrHx5YzXfbGFNAb2Tp8X1L5vMnCik195x3La,2025-09-16T20:37:00.186Z,pending,0,,,,,
FYPyLkE9kquHMEBa56qXodL4Q6dTkkd6Ux3duCB5pump,4igFzr5KoS9gkGz5DFuCAsRW5UwJu31ejpJaeAbAP6au8XfDVSVicrHx5YzXfbGFNAb2Tp8X1L5vMnCik195x3La,2025-09-16T20:37:00.186Z,rejected,1,2.7130935885862395,,,2025-09-16T20:37:00.187Z,Low liquidity: 2.71 ETH
8UashpjHRYfZc6cCh6HgizRWsk1pMfsGGoQDKWKpump,4xZCjcCHM5CwMyndZZFAWq4p3tGBW2TjjYVfuXAXP5ppcggmGHgQrMFjZovqjyrohYpRmhmGKtM6eXsJf9Dwq3dy,2025-09-16T20:37:00.957Z,pending,0,,,,,
8UashpjHRYfZc6cCh6HgizRWsk1pMfsGGoQDKWKpump,4xZCjcCHM5CwMyndZZFAWq4p3tGBW2TjjYVfuXAXP5ppcggmGHgQrMFjZovqjyrohYpRmhmGKtM6eXsJf9Dwq3dy,2025-09-16T20:37:00.957Z,rejected,1,0.651507382097205,,,2025-09-16T20:37:00.957Z,Low liquidity: 0.65 ETH
9kNfs2wHjJ78j6wXEpxNUHqeMcwFsYSbPmpiSiUBpump,EAftkBFyGkCafMWd3417yKvCkmwrfJwzZmR96h2mhVutzue8uzFmDWSUu2Woir4b1hDbUvvPGXp62oCGFTRPpFJ,2025-09-16T20:37:01.023Z,pending,0,,,,,
9kNfs2wHjJ78j6wXEpxNUHqeMcwFsYSbPmpiSiUBpump,EAftkBFyGkCafMWd3417yKvCkmwrfJwzZmR96h2mhVutzue8uzFmDWSUu2Woir4b1hDbUvvPGXp62oCGFTRPpFJ,2025-09-16T20:37:01.023Z,rejected,1,1.954825134239284,,,2025-09-16T20:37:01.024Z,Low liquidity: 1.95 ETH
5rxYobcVqKNEjce8auMN8e5FMaC57pabv65kPRcUpump,5nCLD8hK2suHFy7ais5LqFddSXapdPvFvymSj6YjoqqNi8aJrhhL7UmdCW2dAQStqDkiTvKbkeEdbovMKxNWHb5j,2025-09-16T20:37:01.130Z,pending,0,,,,,
5rxYobcVqKNEjce8auMN8e5FMaC57pabv65kPRcUpump,5nCLD8hK2suHFy7ais5LqFddSXapdPvFvymSj6YjoqqNi8aJrhhL7UmdCW2dAQStqDkiTvKbkeEdbovMKxNWHb5j,2025-09-16T20:37:01.130Z,bought,1,9.0400828175224,true,,2025-09-16T20:37:01.130Z,
62pHGdukFsi5VQvy9ad2KsiGxVV4eMvDmT8XDrHBpump,qFfNhorcB7qDcfywvoBSgR8bRv5mvMwfNpawzhTdPkt8Q9LabfUUdgBCErVCMFirvQk1XYNs2JKZbrjmfHUsaQt,2025-09-16T20:37:01.407Z,pending,0,,,,,
62pHGdukFsi5VQvy9ad2KsiGxVV4eMvDmT8XDrHBpump,qFfNhorcB7qDcfywvoBSgR8bRv5mvMwfNpawzhTdPkt8Q9LabfUUdgBCErVCMFirvQk1XYNs2JKZbrjmfHUsaQt,2025-09-16T20:37:01.407Z,bought,1,8.509891687633361,true,,2025-09-16T20:37:01.407Z,
FYidwukt6P8dmwKUbxNUihDbLhBmvenGeDkV8s1yxKq9,Q2Tm5rwz9FSfWWufyu1Wmf6LapzHbEPppm1Cn5qzQ9VhvBvuDWup6Yj7aJcnfA38kAjH1ASddB4Vd8LitsP2bYv,2025-09-16T20:37:01.635Z,pending,0,,,,,
FYidwukt6P8dmwKUbxNUihDbLhBmvenGeDkV8s1yxKq9,Q2Tm5rwz9FSfWWufyu1Wmf6LapzHbEPppm1Cn5qzQ9VhvBvuDWup6Yj7aJcnfA38kAjH1ASddB4Vd8LitsP2bYv,2025-09-16T20:37:01.635Z,rejected,1,3.0623306499496996,,,2025-09-16T20:37:01.635Z,Mint/Freeze authorities not renounced
AfWvuvNP2qVYwMmchg1vJwj8Gx1DjWhiSSiGxYcEpump,4cKN2kbuTUEkxKhWJfk49K7CMsrtBWk3wmZhxzoN2D1PQhaCKLYX13chkKVxL6rHWSHBpFWx98hNp6U3tbmi1Wpx,2025-09-16T20:37:02.035Z,pending,0,,,,,
AfWvuvNP2qVYwMmchg1vJwj8Gx1DjWhiSSiGxYcEpump,4cKN2kbuTUEkxKhWJfk49K7CMsrtBWk3wmZhxzoN2D1PQhaCKLYX13chkKVxL6rHWSHBpFWx98hNp6U3tbmi1Wpx,2025-09-16T20:37:02.035Z,bought,1,6.789499355982366,true,,2025-09-16T20:37:02.036Z,
7fGj3qNAV9smduBDPb3dzxvRGKpMJcYHBcNgM44opump,3PRJbdTHiJXUVdJ4isqcsNDgnvngBFhvd78GKuG3SZ8c8awQ3wb8GthHzM74UzPefXCBmAun4B3AnF2hZp9tqnKv,2025-09-16T20:38:00.879Z,pending,0,,,,,
7fGj3qNAV9smduBDPb3dzxvRGKpMJcYHBcNgM44opump,3PRJbdTHiJXUVdJ4isqcsNDgnvngBFhvd78GKuG3SZ8c8awQ3wb8GthHzM74UzPefXCBmAun4B3AnF2hZp9tqnKv,2025-09-16T20:38:00.879Z,bought,1,7.8388169624801165,true,,2025-09-16T20:38:00.879Z,
Ez6XrL1JPMaUyGX2fmzru2PqXaJp6JCMK2nUDxz6pump,4uwzEANJWW1bYZpq5h7QWP2UXoxRZE42BDzJczuSUM24Q7c37gxuiDE7oBBxodWhBovkMBXgc47V6hsnT24EsrsE,2025-09-16T20:38:01.012Z,pending,0,,,,,
Ez6XrL1JPMaUyGX2fmzru2PqXaJp6JCMK2nUDxz6pump,4uwzEANJWW1bYZpq5h7QWP2UXoxRZE42BDzJczuSUM24Q7c37gxuiDE7oBBxodWhBovkMBXgc47V6hsnT24EsrsE,2025-09-16T20:38:01.012Z,bought,1,8.865265003572784,true,,2025-09-16T20:38:01.012Z,
7jEJFLYfAZBgNxBkS4mJZxhNmfEFTFjyGeydTqAmpump,3zDo74n9G46VHHP6rxqwX6s2VhvonW6TWHgWqkfinJwGhLSxFEaDT1espQhtMqehhppKqiLeqXvKwZhVsUquVcHN,2025-09-16T20:38:01.037Z,pending,0,,,,,
7jEJFLYfAZBgNxBkS4mJZxhNmfEFTFjyGeydTqAmpump,3zDo74n9G46VHHP6rxqwX6s2VhvonW6TWHgWqkfinJwGhLSxFEaDT1espQhtMqehhppKqiLeqXvKwZhVsUquVcHN,2025-09-16T20:38:01.037Z,bought,1,7.088070164015208,true,,2025-09-16T20:38:01.038Z,
7AeG2qfmMvdj9y9CbWA4RNEwqFBrJr7gdNXPZhFwpump,58L3NNCg63AJuWu9xGuxR3dU3hnGAhkCD11qYS7JZdyASy43oMcy1c61QZEGKhuKG2StLuKG8RyJqBFV7SeZNpu2,2025-09-16T20:38:01.108Z,pending,0,,,,,
7AeG2qfmMvdj9y9CbWA4RNEwqFBrJr7gdNXPZhFwpump,58L3NNCg63AJuWu9xGuxR3dU3hnGAhkCD11qYS7JZdyASy43oMcy1c61QZEGKhuKG2StLuKG8RyJqBFV7SeZNpu2,2025-09-16T20:38:01.108Z,rejected,1,4.2557840111191325,,,2025-09-16T20:38:01.109Z,Mint/Freeze authorities not renounced
3NfR3BK6KFgyU6DnBT8DkqFtem17ykrVQwB7yyeNpump,RcHMAdGeBpQri6hypi4CTKzrpZEdirnwEwKZEvG7VyBciHk2ow2VjmHLrEaLdX56wV1GK91FtMadnfK2mRMB3wt,2025-09-16T20:38:01.135Z,pending,0,,,,,
3NfR3BK6KFgyU6DnBT8DkqFtem17ykrVQwB7yyeNpump,RcHMAdGeBpQri6hypi4CTKzrpZEdirnwEwKZEvG7VyBciHk2ow2VjmHLrEaLdX56wV1GK91FtMadnfK2mRMB3wt,2025-09-16T20:38:01.135Z,pending,1,,,,2025-09-16T20:38:01.136Z,Stage 1 error: Liquidity data not yet available
6L4kQXb4S3xiwBjfyTRgiX1yU6deQ7aPKkWeksjUpump,rh3115bZBG24KX6hRUPAujoFMi2LaVxJYqd6GW61S8nTA2USRBCjnLTsgKGjq26ZgL8n6sbh6j7gD2YUQTUqSSf,2025-09-16T20:38:01.287Z,pending,0,,,,,
6L4kQXb4S3xiwBjfyTRgiX1yU6deQ7aPKkWeksjUpump,rh3115bZBG24KX6hRUPAujoFMi2LaVxJYqd6GW61S8nTA2USRBCjnLTsgKGjq26ZgL8n6sbh6j7gD2YUQTUqSSf,2025-09-16T20:38:01.287Z,rejected,1,2.8678150889581397,,,2025-09-16T20:38:01.288Z,Low liquidity: 2.87 ETH
6rkteM1tFaryfUDuypAv8ahto1AeH6qLJQPTpg8GCoGN,266zfKM8mWpZ7xQs4JFBGospeFtLLQqGMsTZFoniDaDG9cEG6Dkwks9EceXM2KoT1u7w9ZzJFa5fCzeUr9foTf7i,2025-09-16T20:38:02.083Z,pending,0,,,,,
6rkteM1tFaryfUDuypAv8ahto1AeH6qLJQPTpg8GCoGN,266zfKM8mWpZ7xQs4JFBGospeFtLLQqGMsTZFoniDaDG9cEG6Dkwks9EceXM2KoT1u7w9ZzJFa5fCzeUr9foTf7i,2025-09-16T20:38:02.083Z,rejected,1,0.7370459000949808,,,2025-09-16T20:38:02.083Z,Low liquidity: 0.74 ETH
4uB6xvgoz7u7CSi2a4vJtjtcd1YLrekGd5UJqDPgpump,1mnsLHPosW2CQd2mbhkHBJVzRqtb84XXtVivmwjrB4nrQ4QvGWV8SGa73vMayfNeJNpcfUqLBignyQtfjCe5cHt,2025-09-16T20:38:02.149Z,pending,0,,,,,
4uB6xvgoz7u7CSi2a4vJtjtcd1YLrekGd5UJqDPgpump,1mnsLHPosW2CQd2mbhkHBJVzRqtb84XXtVivmwjrB4nrQ4QvGWV8SGa73vMayfNeJNpcfUqLBignyQtfjCe5cHt,2025-09-16T20:38:02.149Z,bought,1,5.582749977657108,true,,2025-09-16T20:38:02.149Z,
HVpSZGE6PDjHUVQoptKYDTmdWRTMp3wBiYicbjZKpump,3qkgo582PDszMAd8p3gD2ZJmf4K3JcEqYF2LMbDBSaBUX3oKYQkSja3zSYe5ekSEwMcwyZkX6xrjPCLNgCn4uYzG,2025-09-16T20:38:03.101Z,pending,0,,,,,
HVpSZGE6PDjHUVQoptKYDTmdWRTMp3wBiYicbjZKpump,3qkgo582PDszMAd8p3gD2ZJmf4K3JcEqYF2LMbDBSaBUX3oKYQkSja3zSYe5ekSEwMcwyZkX6xrjPCLNgCn4uYzG,2025-09-16T20:38:03.101Z,rejected,1,5.293942730116162,,,2025-09-16T20:38:03.102Z,Mint/Freeze authorities not renounced
7UNvMankcipdFkqNTjAHvQ5wJMuSNCZFPgWHYvidpump,5oAvSHNxJz2X7U7T6Qn8HjWYnCq9DajKBdUa4biKt9m2AAxB7Qw52Erb2bT5SJEJAYmCGNucz7UMCAczaMVdURUE,2025-09-16T20:38:03.142Z,pending,0,,,,,
7UNvMankcipdFkqNTjAHvQ5wJMuSNCZFPgWHYvidpump,5oAvSHNxJz2X7U7T6Qn8HjWYnCq9DajKBdUa4biKt9m2AAxB7Qw52Erb2bT5SJEJAYmCGNucz7UMCAczaMVdURUE,2025-09-16T20:38:03.142Z,pending,1,,,,2025-09-16T20:38:03.142Z,Stage 1 error: Liquidity data not yet available
BRmBz491kbCnhEmjzrz9qzwwRC8SpJBpc1MYSCHHpump,3UFV5wMvWpR5gTfye7xxNrX7SChFKGxBwSB6sVDXq4wExfEY4gakZkipdT22nBJxX1rEqjTwCv9pcuMgVgkpFxGc,2025-09-16T20:38:03.169Z,pending,0,,,,,
BRmBz491kbCnhEmjzrz9qzwwRC8SpJBpc1MYSCHHpump,3UFV5wMvWpR5gTfye7xxNrX7SChFKGxBwSB6sVDXq4wExfEY4gakZkipdT22nBJxX1rEqjTwCv9pcuMgVgkpFxGc,2025-09-16T20:38:03.169Z,bought,1,8.049019726471016,true,,2025-09-16T20:38:03.169Z,
AZZFHrH3Cxwu6AyYLYPNnJdGw1dvrNYAVVHyJ4e2pump,2td1PyBhpRuNi7P2nRHxMoB8BVeXH5jqYATJ43znfNWMGhcUbK3MBxaMYu1iJqiqzJ9KTtmYXaoGUmtWACfZjauJ,2025-09-16T20:38:04.285Z,pending,0,,,,,
AZZFHrH3Cxwu6AyYLYPNnJdGw1dvrNYAVVHyJ4e2pump,2td1PyBhpRuNi7P2nRHxMoB8BVeXH5jqYATJ43znfNWMGhcUbK3MBxaMYu1iJqiqzJ9KTtmYXaoGUmtWACfZjauJ,2025-09-16T20:38:04.285Z,bought,1,7.896916583283508,true,,2025-09-16T20:38:04.285Z,
BPMsxrvx6qeffMQbfVa7XvCAPoi3KEMbEzyRUcdhpump,31FcczYXjWEFTkeWVbbhADD8LBu6tSotW1Bsjhbc7tS8qSUrGsfGh9oJHogv71MmtnvXFsqykay3Btfa2A2vkGLq,2025-09-16T20:38:04.349Z,pending,0,,,,,
BPMsxrvx6qeffMQbfVa7XvCAPoi3KEMbEzyRUcdhpump,31FcczYXjWEFTkeWVbbhADD8LBu6tSotW1Bsjhbc7tS8qSUrGsfGh9oJHogv71MmtnvXFsqykay3Btfa2A2vkGLq,2025-09-16T20:38:04.349Z,rejected,1,3.2201164071253805,,,2025-09-16T20:38:04.349Z,Mint/Freeze authorities not renounced
GgYXZ7uoVsgTVWquKEf6c2hY1nYwoboN7fQkYb7hpump,LELP4vcttMYZ7Xzgg5YDEqAHZqCW1FdxYtGD9qb3K9e8kZkwZ2jLJCwyMVQKNq5y638ZuXv7hXzgD47PdN5oSXb,2025-09-16T20:38:05.329Z,pending,0,,,,,
GgYXZ7uoVsgTVWquKEf6c2hY1nYwoboN7fQkYb7hpump,LELP4vcttMYZ7Xzgg5YDEqAHZqCW1FdxYtGD9qb3K9e8kZkwZ2jLJCwyMVQKNq5y638ZuXv7hXzgD47PdN5oSXb,2025-09-16T20:38:05.329Z,bought,1,9.982679762506118,true,,2025-09-16T20:38:05.330Z,
2tK8NjaBXHVmyNmQeSAw66LCUcxCdKWngiY1qHbApump,4DqVvLoaYaoXCbqEDgNo7RXxk9f1TZCVDZY1L3XhrcTcTbHJYR15Ueh27nQkyhoC6V3NvCUXs7ad4Cv86wmEHJba,2025-09-16T20:38:05.462Z,pending,0,,,,,
2tK8NjaBXHVmyNmQeSAw66LCUcxCdKWngiY1qHbApump,4DqVvLoaYaoXCbqEDgNo7RXxk9f1TZCVDZY1L3XhrcTcTbHJYR15Ueh27nQkyhoC6V3NvCUXs7ad4Cv86wmEHJba,2025-09-16T20:38:05.462Z,rejected,1,7.302008339860464,,,2025-09-16T20:38:05.462Z,Mint/Freeze authorities not renounced
FqxCMNfzKnbirhptJm2rmZu2wt9EZJL8ZkC973idpump,46m41tVyWPDYAVMzgqnhJHumTJZG1jrBHFZr4tigVX8E59gUSPTLykRHWPUkcEP13aVSHceK7WBLNi2mGdDPRnM6,2025-09-16T20:38:06.421Z,pending,0,,,,,
FqxCMNfzKnbirhptJm2rmZu2wt9EZJL8ZkC973idpump,46m41tVyWPDYAVMzgqnhJHumTJZG1jrBHFZr4tigVX8E59gUSPTLykRHWPUkcEP13aVSHceK7WBLNi2mGdDPRnM6,2025-09-16T20:38:06.421Z,rejected,1,3.2560872787151944,,,2025-09-16T20:38:06.421Z,Mint/Freeze authorities not renounced
8HFTECoBXhGAqDEAEGu1aa5pxZ1NNJiTXWkVJknJpump,2ZmcFp6YywDB2NfCqg2XKUGzFm71py1g7yVJrLNapfRieVCPP4ymLcxQyLmm7mtWezzpDdqrRpunaUMY98zjFPtj,2025-09-16T20:38:06.509Z,pending,0,,,,,
8HFTECoBXhGAqDEAEGu1aa5pxZ1NNJiTXWkVJknJpump,2ZmcFp6YywDB2NfCqg2XKUGzFm71py1g7yVJrLNapfRieVCPP4ymLcxQyLmm7mtWezzpDdqrRpunaUMY98zjFPtj,2025-09-16T20:38:06.509Z,bought,1,8.99574139684028,true,,2025-09-16T20:38:06.510Z,
3NfR3BK6KFgyU6DnBT8DkqFtem17ykrVQwB7yyeNpump,RcHMAdGeBpQri6hypi4CTKzrpZEdirnwEwKZEvG7VyBciHk2ow2VjmHLrEaLdX56wV1GK91FtMadnfK2mRMB3wt,2025-09-16T20:38:01.135Z,bought,2,8.319147660669861,true,,2025-09-16T20:38:46.522Z,Stage 1 error: Liquidity data not yet available
7UNvMankcipdFkqNTjAHvQ5wJMuSNCZFPgWHYvidpump,5oAvSHNxJz2X7U7T6Qn8HjWYnCq9DajKBdUa4biKt9m2AAxB7Qw52Erb2bT5SJEJAYmCGNucz7UMCAczaMVdURUE,2025-09-16T20:38:03.142Z,bought,2,4.315798019886124,true,,2025-09-16T20:38:47.540Z,Stage 1 error: Liquidity data not yet available
A16qSqHjqHqAyepJBmC8hd8CWeY9Yjzyh85CbFyipump,5ac59HNVdsYTNJVCmQsmaQBw9mHx7Bo7Y3cYo6T2R5iMT2FANNiHm9kxKyWnzjLUQiaRzwzobMHehu9kDUqHh43m,2025-09-16T20:39:00.082Z,pending,0,,,,,
A16qSqHjqHqAyepJBmC8hd8CWeY9Yjzyh85CbFyipump,5ac59HNVdsYTNJVCmQsmaQBw9mHx7Bo7Y3cYo6T2R5iMT2FANNiHm9kxKyWnzjLUQiaRzwzobMHehu9kDUqHh43m,2025-09-16T20:39:00.082Z,pending,1,,,,2025-09-16T20:39:00.082Z,Stage 1 error: Liquidity data not yet available
B9iWzb5Vk58j2vfWniBZHspdA4v5nmFv8DxQ45Kppump,5bLkxtH8EkGTgPQs7BtFwAzbZFxP9E3qgzyifnp8eF7gNYbVEP8mWnxyWxKjde12gAMyFkvNEaBo7vk5A1qbRHiU,2025-09-16T20:39:00.201Z,pending,0,,,,,
B9iWzb5Vk58j2vfWniBZHspdA4v5nmFv8DxQ45Kppump,5bLkxtH8EkGTgPQs7BtFwAzbZFxP9E3qgzyifnp8eF7gNYbVEP8mWnxyWxKjde12gAMyFkvNEaBo7vk5A1qbRHiU,2025-09-16T20:39:00.201Z,pending,1,,,,2025-09-16T20:39:00.202Z,Stage 1 error: Liquidity data not yet available
7sW6nTHJeyhocV6veTFyFv7nrNDDi3opAYNgSfvRpump,34KLB1QGk8MVYHw6PnWuGeCKqiWjFhck1nurpvwvrT1eQRBu2v1d9ycbfHaTDRt4K14kJ57sriXTNeYRmobJfMGG,2025-09-16T20:39:00.239Z,pending,0,,,,,
7sW6nTHJeyhocV6veTFyFv7nrNDDi3opAYNgSfvRpump,34KLB1QGk8MVYHw6PnWuGeCKqiWjFhck1nurpvwvrT1eQRBu2v1d9ycbfHaTDRt4K14kJ57sriXTNeYRmobJfMGG,2025-09-16T20:39:00.239Z,rejected,1,1.2961385033104191,,,2025-09-16T20:39:00.239Z,Low liquidity: 1.30 ETH
BQ4kCAQMbjxjFFbJiFVMgcRH4JbaXh6LhtcuZDFEpump,5WJ4EXfkktATk1BXd95dz5kCupD46zzBsUFfNXzPTF1nvFUMWWiyEePVAX2EfVrJ1WmY7DzTg1NdGF5CDNVhHyBY,2025-09-16T20:39:00.396Z,pending,0,,,,,
BQ4kCAQMbjxjFFbJiFVMgcRH4JbaXh6LhtcuZDFEpump,5WJ4EXfkktATk1BXd95dz5kCupD46zzBsUFfNXzPTF1nvFUMWWiyEePVAX2EfVrJ1WmY7DzTg1NdGF5CDNVhHyBY,2025-09-16T20:39:00.396Z,bought,1,6.051988158599997,true,,2025-09-16T20:39:00.396Z,
EDrZ1TLSxS66BuDJFFGz4H7Z2YNabAkcDzb3zGRNUER,4H81NPxzvMqMLPnipHXg2sMRmLH1PqB3wUiBR9vxvnxbDWekGGxxEmVE3EwZcV5G4sNfZZJ6xa8faaKHBMG6jamf,2025-09-16T20:39:00.467Z,pending,0,,,,,
EDrZ1TLSxS66BuDJFFGz4H7Z2YNabAkcDzb3zGRNUER,4H81NPxzvMqMLPnipHXg2sMRmLH1PqB3wUiBR9vxvnxbDWekGGxxEmVE3EwZcV5G4sNfZZJ6xa8faaKHBMG6jamf,2025-09-16T20:39:00.467Z,bought,1,5.003773807320995,true,,2025-09-16T20:39:00.467Z,
5XkGtiRAtcTa8VpaHTsFhUBh8XNEP6ernXQBwqLYpump,2X5dX7Qyu5q2gBHsDLjcaP4RSk9NKjyBBCSMjXnF4AQreHhwf1jMVq9GttCRB56BfsEED9cfkpGZyusDNu4m3RPy,2025-09-16T20:39:00.520Z,pending,0,,,,,
5XkGtiRAtcTa8VpaHTsFhUBh8XNEP6ernXQBwqLYpump,2X5dX7Qyu5q2gBHsDLjcaP4RSk9NKjyBBCSMjXnF4AQreHhwf1jMVq9GttCRB56BfsEED9cfkpGZyusDNu4m3RPy,2025-09-16T20:39:00.520Z,rejected,1,8.22305804135857,,,2025-09-16T20:39:00.521Z,Mint/Freeze authorities not renounced
9dcuGHbsN8quhTBrwgzQN4QMGCtFg6nMHH3GxQuLpump,VCZFQjfn8d3wdQN6aNPWTVhh6sapGjht7fmRmoT6rzxMdaYhEZVXspdquzkgXRca18DxduseRyoi7RRTtY5w9Jw,2025-09-16T20:39:00.601Z,pending,0,,,,,
9dcuGHbsN8quhTBrwgzQN4QMGCtFg6nMHH3GxQuLpump,VCZFQjfn8d3wdQN6aNPWTVhh6sapGjht7fmRmoT6rzxMdaYhEZVXspdquzkgXRca18DxduseRyoi7RRTtY5w9Jw,2025-09-16T20:39:00.601Z,rejected,1,4.137466136463093,,,2025-09-16T20:39:00.602Z,Mint/Freeze authorities not renounced
58iLtA23jnjzuboS9kYDMUgasnEnopwm1X8z5WUgpump,582VTwRnNhFkqAaFiXkYo2X6vF6H1kRZsPwCLaJxwXYYwHUySLw32yhyRWXLQ6Bh67UbY5xjXsefxEeTJVtDFSUS,2025-09-16T20:39:01.257Z,pending,0,,,,,
58iLtA23jnjzuboS9kYDMUgasnEnopwm1X8z5WUgpump,582VTwRnNhFkqAaFiXkYo2X6vF6H1kRZsPwCLaJxwXYYwHUySLw32yhyRWXLQ6Bh67UbY5xjXsefxEeTJVtDFSUS,2025-09-16T20:39:01.257Z,bought,1,7.815676939271732,true,,2025-09-16T20:39:01.258Z,
5sa2mS6nXz9hiSBL4aTzYp1rRm6epD3KWitVmCX8JiLG,2uYfEAjkJ4qkajs6Vj1fgTH36CM85VTh9wKqE2wsEbhoySLActtUy4xssSrFxVLZjJFCxaJ85DN8UdTYBSTp83Q7,2025-09-16T20:39:01.295Z,pending,0,,,,,
5sa2mS6nXz9hiSBL4aTzYp1rRm6epD3KWitVmCX8JiLG,2uYfEAjkJ4qkajs6Vj1fgTH36CM85VTh9wKqE2wsEbhoySLActtUy4xssSrFxVLZjJFCxaJ85DN8UdTYBSTp83Q7,2025-09-16T20:39:01.295Z,rejected,1,4.95498635175304,,,2025-09-16T20:39:01.296Z,Mint/Freeze authorities not renounced
CLXcxC823JCch4RQhwmFVNji28sAek4yxCyYKVdHpump,vJo1YbHehdCQrynguxBFLgsVGZ9WAhmzQF1oUVY1WVqgsH4Q1saGCfNPtfXCEoqBQvjSC77GYjpTwCsNKu6wEDx,2025-09-16T20:39:02.297Z,pending,0,,,,,
CLXcxC823JCch4RQhwmFVNji28sAek4yxCyYKVdHpump,vJo1YbHehdCQrynguxBFLgsVGZ9WAhmzQF1oUVY1WVqgsH4Q1saGCfNPtfXCEoqBQvjSC77GYjpTwCsNKu6wEDx,2025-09-16T20:39:02.297Z,bought,1,8.58544820851371,true,,2025-09-16T20:39:02.297Z,
BU4VDvFKw4DhsrRCZDq3xeqx6QcwAErkdmdyZV1Gpump,3kpVYzCQJFwkfji4w1ibFFgkWvmyqJPjxAF99QjWDC15qVwUSh9gJV9pGnPxBq5bFWVy4QjLwQJLGeH4BVKSheDG,2025-09-16T20:39:02.412Z,pending,0,,,,,
BU4VDvFKw4DhsrRCZDq3xeqx6QcwAErkdmdyZV1Gpump,3kpVYzCQJFwkfji4w1ibFFgkWvmyqJPjxAF99QjWDC15qVwUSh9gJV9pGnPxBq5bFWVy4QjLwQJLGeH4BVKSheDG,2025-09-16T20:39:02.412Z,bought,1,7.314859825709018,true,,2025-09-16T20:39:02.412Z,
BVktK8Q7tPZkxuyoWwERCwfGbdF4rrB7BKBfFfdEpump,8WHGspYmjDpCLjibRrBn5PvXUZ8iY9VwAy7m7j1yW9y6gbaFfGFQKWeJo3Pz7EGSackNTfzK2oWjm4kjZdtXV46,2025-09-16T20:39:02.564Z,pending,0,,,,,
BVktK8Q7tPZkxuyoWwERCwfGbdF4rrB7BKBfFfdEpump,8WHGspYmjDpCLjibRrBn5PvXUZ8iY9VwAy7m7j1yW9y6gbaFfGFQKWeJo3Pz7EGSackNTfzK2oWjm4kjZdtXV46,2025-09-16T20:39:02.564Z,bought,1,5.527067765890523,true,,2025-09-16T20:39:02.565Z,
J7HucFFVZBMWbJ9sE3qiyqHXYP4iZtZCyaf8phpApump,25WvqURgqThWbdeEAyyUtwypVWAfHPZ6BuP5cNgYLLxqrbt9TDqi719Rpmxm4LBMtGURBAqdHuGdXK4ah7QH54zo,2025-09-16T20:39:02.629Z,pending,0,,,,,
J7HucFFVZBMWbJ9sE3qiyqHXYP4iZtZCyaf8phpApump,25WvqURgqThWbdeEAyyUtwypVWAfHPZ6BuP5cNgYLLxqrbt9TDqi719Rpmxm4LBMtGURBAqdHuGdXK4ah7QH54zo,2025-09-16T20:39:02.629Z,bought,1,7.389895044231313,true,,2025-09-16T20:39:02.629Z,
7WCiV2YpT1k84gGeeXTSjsKfPydffbmVjhwfy19Ypump,4echArY7d7DtDLQFFYzVET8dsaGXtTEemyx11rz4sUdhfzanGvZyzPAnVdWceVg9Y8enLAcDg29WfARagpGFbM7L,2025-09-16T20:39:02.753Z,pending,0,,,,,
7WCiV2YpT1k84gGeeXTSjsKfPydffbmVjhwfy19Ypump,4echArY7d7DtDLQFFYzVET8dsaGXtTEemyx11rz4sUdhfzanGvZyzPAnVdWceVg9Y8enLAcDg29WfARagpGFbM7L,2025-09-16T20:39:02.753Z,rejected,1,1.022663135745022,,,2025-09-16T20:39:02.753Z,Low liquidity: 1.02 ETH
A16qSqHjqHqAyepJBmC8hd8CWeY9Yjzyh85CbFyipump,5ac59HNVdsYTNJVCmQsmaQBw9mHx7Bo7Y3cYo6T2R5iMT2FANNiHm9kxKyWnzjLUQiaRzwzobMHehu9kDUqHh43m,2025-09-16T20:39:00.082Z,rejected,2,9.393032617482286,,,2025-09-16T20:39:46.567Z,Stage 1 error: Liquidity data not yet available;Mint/Freeze authorities not renounced
B9iWzb5Vk58j2vfWniBZHspdA4v5nmFv8DxQ45Kppump,5bLkxtH8EkGTgPQs7BtFwAzbZFxP9E3qgzyifnp8eF7gNYbVEP8mWnxyWxKjde12gAMyFkvNEaBo7vk5A1qbRHiU,2025-09-16T20:39:00.201Z,rejected,2,8.456248181756532,,,2025-09-16T20:39:47.569Z,Stage 1 error: Liquidity data not yet available;Mint/Freeze authorities not renounced
asFc8aH2Fr1XDpqUw9V8Yjxhv4hhcqbbrzTy6sQpump,gznSsmvYkzdtPCGgqzzepmyyivAxFXMxacwMqdwq7C6Q717K4YWN4yd6PCFqc2aidm2aLFvS3uVBWPxonNHTPxJ,2025-09-16T20:40:00.434Z,pending,0,,,,,
asFc8aH2Fr1XDpqUw9V8Yjxhv4hhcqbbrzTy6sQpump,gznSsmvYkzdtPCGgqzzepmyyivAxFXMxacwMqdwq7C6Q717K4YWN4yd6PCFqc2aidm2aLFvS3uVBWPxonNHTPxJ,2025-09-16T20:40:00.434Z,bought,1,9.90428817163531,true,,2025-09-16T20:40:00.435Z,
551ENpJABkaqeVrWSESThpVEhFirCcFp3LkD21Vw9MtA,cxkZgdDrtHGUmmYzEShg7hTZDKJKzgwLQQrevTSRKNzk3f5VqfwSodWcpRDA7SoYr3j261BgAJv5sZzUVmvMPsh,2025-09-16T20:40:00.599Z,pending,0,,,,,
551ENpJABkaqeVrWSESThpVEhFirCcFp3LkD21Vw9MtA,cxkZgdDrtHGUmmYzEShg7hTZDKJKzgwLQQrevTSRKNzk3f5VqfwSodWcpRDA7SoYr3j261BgAJv5sZzUVmvMPsh,2025-09-16T20:40:00.599Z,rejected,1,4.447949039064307,,,2025-09-16T20:40:00.599Z,Mint/Freeze authorities not renounced
npsDBUTxDeipFmGC4oHdPXsf7E8RMjV8Zawqmndpump,2dmZx8L5zqVonAANNbk3QrXQYmdeeKXL4z3odQrbhjcoqrcWCRXjrT4A9GTNP4CrLfb3qcZsqkS6a9rPyEtYxxjc,2025-09-16T20:40:01.499Z,pending,0,,,,,
npsDBUTxDeipFmGC4oHdPXsf7E8RMjV8Zawqmndpump,2dmZx8L5zqVonAANNbk3QrXQYmdeeKXL4z3odQrbhjcoqrcWCRXjrT4A9GTNP4CrLfb3qcZsqkS6a9rPyEtYxxjc,2025-09-16T20:40:01.499Z,bought,1,4.215377206655351,true,,2025-09-16T20:40:01.499Z,
xPFV5LiLZLRJtG9c9HheCkdQNZ6RJ8YBMca7SWXpump,NkiKjK4xWmvQ3K8K4wnjKvM7JNi8UfRdY8ovPkfsnCUgncr6giNbH8DaVXBga8rUcuVUacb8BqP46MSPSdH6NxH,2025-09-16T20:40:01.579Z,pending,0,,,,,
xPFV5LiLZLRJtG9c9HheCkdQNZ6RJ8YBMca7SWXpump,NkiKjK4xWmvQ3K8K4wnjKvM7JNi8UfRdY8ovPkfsnCUgncr6giNbH8DaVXBga8rUcuVUacb8BqP46MSPSdH6NxH,2025-09-16T20:40:01.579Z,bought,1,7.851939309842979,true,,2025-09-16T20:40:01.580Z,
qwaxDabcxGjZ5cRVQ1SX5k1sNcahe3g1Cak1Nqopump,qeBWSxnTHkzraPyLRex5tz1xUTykMCkgb1bRzB93J7c6o4XCKqo9h12aasXXXupvTMjUya1mMk17273vT7wHvc8,2025-09-16T20:40:01.787Z,pending,0,,,,,
qwaxDabcxGjZ5cRVQ1SX5k1sNcahe3g1Cak1Nqopump,qeBWSxnTHkzraPyLRex5tz1xUTykMCkgb1bRzB93J7c6o4XCKqo9h12aasXXXupvTMjUya1mMk17273vT7wHvc8,2025-09-16T20:40:01.787Z,rejected,1,1.6502941355809724,,,2025-09-16T20:40:01.787Z,Low liquidity: 1.65 ETH
DWjyDYjMmXE1uP2ZHHwoKqCowYQVxna4bZruik7Kpump,4QX3uZBBwH6mWoS1uLM5qR2CULTd3xiHtyTro22VqAJX7ntuFBexAZtK97tDAzCZ1XXfxRQjCZYBw9QoH4HWYG3M,2025-09-16T20:40:02.147Z,pending,0,,,,,
DWjyDYjMmXE1uP2ZHHwoKqCowYQVxna4bZruik7Kpump,4QX3uZBBwH6mWoS1uLM5qR2CULTd3xiHtyTro22VqAJX7ntuFBexAZtK97tDAzCZ1XXfxRQjCZYBw9QoH4HWYG3M,2025-09-16T20:40:02.147Z,rejected,1,0.8995943000713771,,,2025-09-16T20:40:02.148Z,Low liquidity: 0.90 ETH
3c1QVSDpei57KuE76RbN43fuewD4omUjuCGn4PsrfNLs,5KidGn1i2peLvPeoP75qEnB7oTHBcvwF7daUCvsSMtTmzokouofsqrjNXv1Dtv3EPGzxr1jkBHeNHr826Sxq2J6z,2025-09-16T20:40:02.670Z,pending,0,,,,,
3c1QVSDpei57KuE76RbN43fuewD4omUjuCGn4PsrfNLs,5KidGn1i2peLvPeoP75qEnB7oTHBcvwF7daUCvsSMtTmzokouofsqrjNXv1Dtv3EPGzxr1jkBHeNHr826Sxq2J6z,2025-09-16T20:40:02.670Z,rejected,1,0.8264617115714553,,,2025-09-16T20:40:02.671Z,Low liquidity: 0.83 ETH
BZJap1RNv9rsqg4VwMEkpFmnvvFMSKTMscWSgiuDpump,5j1QmsU9yfRu59mBxsRgvE3GZxKdDQfCxiSuGfcKnubhB5cfTNBFosSP6AkgLD1udJaP4TtKiZUxJgd8Bj42EUtp,2025-09-16T20:40:02.692Z,pending,0,,,,,
BZJap1RNv9rsqg4VwMEkpFmnvvFMSKTMscWSgiuDpump,5j1QmsU9yfRu59mBxsRgvE3GZxKdDQfCxiSuGfcKnubhB5cfTNBFosSP6AkgLD1udJaP4TtKiZUxJgd8Bj42EUtp,2025-09-16T20:40:02.692Z,bought,1,6.458085246315624,true,,2025-09-16T20:40:02.693Z,
AMDYBxG6HJPQcwShBes4nLtyY7mpjqLLgUi2xwsLpump,3rgDLPHdbkMG3vSADJg7MUjiSFMpkHvLPADLxLK9FRHhRhxKZ3v5qCCqp92dVHotwd9BtrBEU9EyDBmxiWhmxTKs,2025-09-16T20:40:02.815Z,pending,0,,,,,
AMDYBxG6HJPQcwShBes4nLtyY7mpjqLLgUi2xwsLpump,3rgDLPHdbkMG3vSADJg7MUjiSFMpkHvLPADLxLK9FRHhRhxKZ3v5qCCqp92dVHotwd9BtrBEU9EyDBmxiWhmxTKs,2025-09-16T20:40:02.815Z,bought,1,6.0232519534675,true,,2025-09-16T20:40:02.816Z,
FpRBHt3ohnZhn8nXKZGn5pmrjrq9pKMp8XYBboHwpump,43J5EKPVAyou3sqAnNPNpgpcP6GynuHxgbMa5mV8qALCB6TUdrDF6iz2b3JuNuySy5cJsn4nci3yciKsga2XkpGH,2025-09-16T20:40:03.029Z,pending,0,,,,,
FpRBHt3ohnZhn8nXKZGn5pmrjrq9pKMp8XYBboHwpump,43J5EKPVAyou3sqAnNPNpgpcP6GynuHxgbMa5mV8qALCB6TUdrDF6iz2b3JuNuySy5cJsn4nci3yciKsga2XkpGH,2025-09-16T20:40:03.029Z,bought,1,9.749040094295212,true,,2025-09-16T20:40:03.030Z,
HRfZfdMjsG56SBMjAcJKTHu3PD9Zbow6RZ87FsxUpump,2zCzLqv4LHQdTKA1Ztktao4sSJ8Dys8VXqSewxHrnXTKx8HghjHBrALineSSS4mxGZhqb4VxqcbLbpxpEQ1YoTm3,2025-09-16T20:41:00.607Z,pending,0,,,,,
HRfZfdMjsG56SBMjAcJKTHu3PD9Zbow6RZ87FsxUpump,2zCzLqv4LHQdTKA1Ztktao4sSJ8Dys8VXqSewxHrnXTKx8HghjHBrALineSSS4mxGZhqb4VxqcbLbpxpEQ1YoTm3,2025-09-16T20:41:00.607Z,rejected,1,3.878089969308172,,,2025-09-16T20:41:00.607Z,Mint/Freeze authorities not renounced
2uS32a6pbPKynEwTBhzRWMbnQc411sZSf1MjaxpEpump,JkMdVaUyosNvXxiFvDCHRGjVGg1x8DFQpYs2C2bJNLa2shMTgYPNzZDZKoPzJWggQtizFmu11mSQUBFNPzczqj7,2025-09-16T20:41:00.645Z,pending,0,,,,,
2uS32a6pbPKynEwTBhzRWMbnQc411sZSf1MjaxpEpump,JkMdVaUyosNvXxiFvDCHRGjVGg1x8DFQpYs2C2bJNLa2shMTgYPNzZDZKoPzJWggQtizFmu11mSQUBFNPzczqj7,2025-09-16T20:41:00.645Z,rejected,1,0.6817191192636084,,,2025-09-16T20:41:00.645Z,Low liquidity: 0.68 ETH
8dqfvMK8rDucE2sjXsDUhnKw7WvuaSMUkXnjDH99oZd7,66C9GU64WGUBbDi3557BMgPeiYS16VD8Gk4DyS63XmwogkWqAEsHsNYJLzkrGHXNMUR8S5J68zQANGEaofYwh5Xi,2025-09-16T20:41:00.693Z,pending,0,,,,,
8dqfvMK8rDucE2sjXsDUhnKw7WvuaSMUkXnjDH99oZd7,66C9GU64WGUBbDi3557BMgPeiYS16VD8Gk4DyS63XmwogkWqAEsHsNYJLzkrGHXNMUR8S5J68zQANGEaofYwh5Xi,2025-09-16T20:41:00.693Z,rejected,1,1.398602981464129,,,2025-09-16T20:41:00.694Z,Low liquidity: 1.40 ETH
GbEv1ZoPWxwXWbtFY2PTxEb5tg3m9ZM6K2vbtNpqpump,2E8Hf6JEfu3jeKDKniQ4dKHK3fRS88kZsM74UNkb6mJrTKb5P2c7X1nj4Hzgj98WufKKurg75EXgfQjYBNnMT8nq,2025-09-16T20:41:02.795Z,pending,0,,,,,
GbEv1ZoPWxwXWbtFY2PTxEb5tg3m9ZM6K2vbtNpqpump,2E8Hf6JEfu3jeKDKniQ4dKHK3fRS88kZsM74UNkb6mJrTKb5P2c7X1nj4Hzgj98WufKKurg75EXgfQjYBNnMT8nq,2025-09-16T20:41:02.795Z,bought,1,4.0139463456196225,true,,2025-09-16T20:41:02.795Z,
BhpjM2pV4ZfcrKifYR3rZgwBEAJhAu9S4hSvUM8Cpump,2dbXUz2c2Lnb4tb1XLXx6wir95DQtGDEDHFPHuSvTAgq7ms88R5KomB8XewXL8dYuKjFpHJqPXaAFn7RWShqPHGu,2025-09-16T20:41:02.821Z,pending,0,,,,,
BhpjM2pV4ZfcrKifYR3rZgwBEAJhAu9S4hSvUM8Cpump,2dbXUz2c2Lnb4tb1XLXx6wir95DQtGDEDHFPHuSvTAgq7ms88R5KomB8XewXL8dYuKjFpHJqPXaAFn7RWShqPHGu,2025-09-16T20:41:02.821Z,bought,1,8.749357391341444,true,,2025-09-16T20:41:02.821Z,
6zPKJnSyMNpqcYm7HRNMieezB4AhD6yhm6ETdMiNpump,31KarB76HKtrWgdDcWsRJpMRsQT3gmNu8KZrybwjUpn5s6jERb4hGJuJbmg6VJ2aQtdiz66HJPkADBuYoneUoigh,2025-09-16T20:41:02.849Z,pending,0,,,,,
6zPKJnSyMNpqcYm7HRNMieezB4AhD6yhm6ETdMiNpump,31KarB76HKtrWgdDcWsRJpMRsQT3gmNu8KZrybwjUpn5s6jERb4hGJuJbmg6VJ2aQtdiz66HJPkADBuYoneUoigh,2025-09-16T20:41:02.849Z,bought,1,9.050155264745728,true,,2025-09-16T20:41:02.849Z,
HEUSGQBmNKFcvcSDoFiVDNDeWxRX8J3a3SaYffdWpump,2U9aR9YkVhadFFmCo9w99p6p4WPy2CqYy7neyGSufU6Z42xegqYYWmhdQ4dHRZ5jj1wU6rRyU8Yi97nzZte3AnL6,2025-09-16T20:41:02.976Z,pending,0,,,,,
HEUSGQBmNKFcvcSDoFiVDNDeWxRX8J3a3SaYffdWpump,2U9aR9YkVhadFFmCo9w99p6p4WPy2CqYy7neyGSufU6Z42xegqYYWmhdQ4dHRZ5jj1wU6rRyU8Yi97nzZte3AnL6,2025-09-16T20:41:02.976Z,rejected,1,5.115366969847059,,,2025-09-16T20:41:02.976Z,Mint/Freeze authorities not renounced
x373PXzXjQBn5Ka5zqA2Axbp7gUZScWAxb65w59iEE1,4938kJ6xTDWrN4rDeiD9Ypb4KtN6fB3DvTcLYRrvi8nxyE21rAYqpjshNLZiKqQCK6GHkakdGUSzAqVBdhnxG9P7,2025-09-16T20:41:03.045Z,pending,0,,,,,
x373PXzXjQBn5Ka5zqA2Axbp7gUZScWAxb65w59iEE1,4938kJ6xTDWrN4rDeiD9Ypb4KtN6fB3DvTcLYRrvi8nxyE21rAYqpjshNLZiKqQCK6GHkakdGUSzAqVBdhnxG9P7,2025-09-16T20:41:03.045Z,bought,1,7.733221163670554,true,,2025-09-16T20:41:03.045Z,
5Amh8KmsqRSXvX3zEtyMJZwXvqxvrJptsaieUqYRqEG2,2zZLdqFXnWe2UXbLNVf5yedCftGrRjvDGJBqwwkpdL5aCJ9c5JKRaqBtmXiL3R7GrE5LYXQDr9vAvTY2oW6QUPkk,2025-09-16T20:41:03.892Z,pending,0,,,,,
5Amh8KmsqRSXvX3zEtyMJZwXvqxvrJptsaieUqYRqEG2,2zZLdqFXnWe2UXbLNVf5yedCftGrRjvDGJBqwwkpdL5aCJ9c5JKRaqBtmXiL3R7GrE5LYXQDr9vAvTY2oW6QUPkk,2025-09-16T20:41:03.892Z,rejected,1,9.044638067207167,,,2025-09-16T20:41:03.892Z,Mint/Freeze authorities not renounced
CMSi4hWVNJyPyRPp6H3zbk6M9BjGd7TdVVAMQsnhpump,4VFh8pohNNy9Gw2Cmd2vzXC6BH9RVjtPDTT9iHUUHscaRzBjq1k7DEcCHbVgpFtkrcErWP4jJ7zzmsGejcwAMwdR,2025-09-16T20:41:03.987Z,pending,0,,,,,
CMSi4hWVNJyPyRPp6H3zbk6M9BjGd7TdVVAMQsnhpump,4VFh8pohNNy9Gw2Cmd2vzXC6BH9RVjtPDTT9iHUUHscaRzBjq1k7DEcCHbVgpFtkrcErWP4jJ7zzmsGejcwAMwdR,2025-09-16T20:41:03.987Z,rejected,1,7.281025354626413,,,2025-09-16T20:41:03.988Z,Mint/Freeze authorities not renounced
4Xj5RFXZCSYpbg2skv6ZVC2yySPqgEsZrDnsZwuJpump,wgG16TKKCjhVsfvMsHJXMhDznxunr5UNgWyzqnLfDjtZXnZmAStZuTRFZXxjX1PHu3fYjKTDjJzWCB8GUmop4tL,2025-09-16T20:41:04.033Z,pending,0,,,,,
4Xj5RFXZCSYpbg2skv6ZVC2yySPqgEsZrDnsZwuJpump,wgG16TKKCjhVsfvMsHJXMhDznxunr5UNgWyzqnLfDjtZXnZmAStZuTRFZXxjX1PHu3fYjKTDjJzWCB8GUmop4tL,2025-09-16T20:41:04.033Z,bought,1,8.401056508647429,true,,2025-09-16T20:41:04.034Z,
9HoxtrY2UcSFEdTATMLJPPLY3krjPouAfuZQhjKu2MNk,4EPgwZ4Sfj3c6ibtRK9ppE483xWdnZGgdyhvrL9J8YqafKYqWK98RA1g64bWkMfgNHzJLzL6EoV1tJM1951zhvyK,2025-09-16T20:41:05.030Z,pending,0,,,,,
9HoxtrY2UcSFEdTATMLJPPLY3krjPouAfuZQhjKu2MNk,4EPgwZ4Sfj3c6ibtRK9ppE483xWdnZGgdyhvrL9J8YqafKYqWK98RA1g64bWkMfgNHzJLzL6EoV1tJM1951zhvyK,2025-09-16T20:41:05.030Z,rejected,1,7.1404519623155736,,,2025-09-16T20:41:05.031Z,Mint/Freeze authorities not renounced
HkHMKUqda8BK33KPhrc8RAGvBsmRRtEQQ1q6nkRnpump,yM6xq4r1hhu9yGnUKVpRcQ3Ky5Yx5k5hUN9GhLx2wAs7ntV6KyaCPfRbAsocom6c5m456uEwFLjKx37NQDkMwSo,2025-09-16T20:41:06.005Z,pending,0,,,,,
HkHMKUqda8BK33KPhrc8RAGvBsmRRtEQQ1q6nkRnpump,yM6xq4r1hhu9yGnUKVpRcQ3Ky5Yx5k5hUN9GhLx2wAs7ntV6KyaCPfRbAsocom6c5m456uEwFLjKx37NQDkMwSo,2025-09-16T20:41:06.005Z,rejected,1,1.2876728600069063,,,2025-09-16T20:41:06.006Z,Low liquidity: 1.29 ETH
J1UkxP6LeWptSzXd62joagQi11MADhPiLrsABQ9Kpump,dqCUK63Lf6yNMbiKNSncsx28NMrq2Pry4w242cmjnoFXxJ2PPGYUfZKc1sfYrndMCrDeEUS3aB2LjVBsbLaC4Zw,2025-09-16T20:41:06.146Z,pending,0,,,,,
J1UkxP6LeWptSzXd62joagQi11MADhPiLrsABQ9Kpump,dqCUK63Lf6yNMbiKNSncsx28NMrq2Pry4w242cmjnoFXxJ2PPGYUfZKc1sfYrndMCrDeEUS3aB2LjVBsbLaC4Zw,2025-09-16T20:41:06.146Z,bought,1,9.772898367957373,true,,2025-09-16T20:41:06.146Z,
